{"name": "LZB_n10_15", "n": 10, "m": 3, "times": [[0.0, 55.4707145690918, 140.42791748046875, 44.384681701660156, 12.083045959472656, 102.72779846191406, 108.07867431640625, 159.51174926757812, 192.31484985351562, 134.33168029785156, 101.67103576660156, 93.96276092529297, 73.75635528564453, 127.91012573242188, 180.2498321533203, 175.37673950195312, 190.3943328857422, 172.02615356445312, 69.58448028564453, 62.0], [55.4707145690918, 0.0, 126.05157470703125, 12.041594505310059, 49.04079818725586, 104.7377700805664, 53.16013717651367, 138.4088134765625, 165.7588653564453, 79.12016296386719, 94.86833190917969, 67.67569732666016, 23.0867919921875, 72.49827575683594, 147.5567626953125, 120.01666259765625, 161.48374938964844, 125.13192749023438, 40.31128692626953, 100.7223892211914], [140.42791748046875, 126.05157470703125, 0.0, 123.00406646728516, 128.60015869140625, 46.27094268798828, 123.79418182373047, 24.083189010620117, 59.03388977050781, 136.29747009277344, 39.357337951660156, 192.75112915039062, 142.3516845703125, 138.0036163330078, 62.2414665222168, 162.36070251464844, 61.400325775146484, 102.90287017822266, 85.75546264648438, 115.7410888671875], [44.384681701660156, 12.041594505310059, 123.00406646728516, 0.0, 37.202152252197266, 97.80081939697266, 63.694583892822266, 137.1787109375, 166.20770263671875, 89.96110534667969, 89.47066497802734, 74.3303451538086, 34.438350677490234, 83.6480712890625, 149.58609008789062, 131.04579162597656, 162.54229736328125, 131.7459716796875, 38.20994567871094, 89.005615234375], [12.083045959472656, 49.04079818725586, 128.60015869140625, 37.202152252197266, 0.0, 91.83136749267578, 100.18482971191406, 147.49237060546875, 180.2359619140625, 126.58988952636719, 90.02777099609375, 96.33794403076172, 69.52696990966797, 120.5694808959961, 168.23793029785156, 167.76470947265625, 178.3143310546875, 161.19863891601562, 58.13776779174805, 58.051700592041016], [102.72779846191406, 104.7377700805664, 46.27094268798828, 97.80081939697266, 91.83136749267578, 0.0, 122.26201629638672, 70.06425476074219, 105.23307800292969, 142.0774383544922, 17.029386520385742, 171.9593048095703, 125.57467651367188, 141.06027221679688, 104.92378234863281, 176.30087280273438, 107.01869201660156, 131.2097625732422, 68.00735473632812, 69.63475799560547], [108.07867431640625, 53.16013717651367, 123.79418182373047, 63.694583892822266, 100.18482971191406, 122.26201629638672, 0.0, 126.82665252685547, 144.7549591064453, 26.419689178466797, 107.07940673828125, 87.92041778564453, 44.55333709716797, 21.21320343017578, 121.01652526855469, 67.60177612304688, 138.1339874267578, 81.41252899169922, 58.830265045166016, 143.558349609375], [159.51174926757812, 138.4088134765625, 24.083189010620117, 137.1787109375, 147.49237060546875, 70.06425476074219, 126.82665252685547, 0.0, 35.22782897949219, 134.83694458007812, 61.13100814819336, 203.02955627441406, 152.01315307617188, 137.93113708496094, 40.224369049072266, 155.4252166748047, 37.336307525634766, 89.69392395019531, 99.00505065917969, 139.16896057128906], [192.31484985351562, 165.7588653564453, 59.03388977050781, 166.20770263671875, 180.2359619140625, 105.23307800292969, 144.7549591064453, 35.22782897949219, 0.0, 146.77874755859375, 96.10411071777344, 227.1387176513672, 176.38877868652344, 151.5387725830078, 27.073972702026367, 158.61903381347656, 9.219544410705566, 87.00574493408203, 128.2224578857422, 174.3932342529297], [134.33168029785156, 79.12016296386719, 136.29747009277344, 89.96110534667969, 126.58988952636719, 142.0774383544922, 26.419689178466797, 134.83694458007812, 146.77874755859375, 0.0, 125.93649291992188, 102.52804565429688, 67.26811981201172, 8.246211051940918, 120.93386840820312, 41.18252182006836, 139.0863037109375, 70.72481536865234, 82.97589874267578, 169.07098388671875], [101.67103576660156, 94.86833190917969, 39.357337951660156, 89.47066497802734, 90.02777099609375, 17.029386520385742, 107.07940673828125, 61.13100814819336, 96.10411071777344, 125.93649291992188, 0.0, 162.54229736328125, 114.33721923828125, 125.28367614746094, 92.26592254638672, 159.51174926757812, 96.6281509399414, 114.6211166381836, 55.90169906616211, 79.02531433105469], [93.96276092529297, 67.67569732666016, 192.75112915039062, 74.3303451538086, 96.33794403076172, 171.9593048095703, 87.92041778564453, 203.02955627441406, 227.1387176513672, 102.52804565429688, 162.54229736328125, 0.0, 51.03919982910156, 94.33981323242188, 205.7790069580078, 132.96615600585938, 221.65061950683594, 169.0976104736328, 107.54068756103516, 154.37940979003906], [73.75635528564453, 23.0867919921875, 142.3516845703125, 34.438350677490234, 69.52696990966797, 125.57467651367188, 44.55333709716797, 152.01315307617188, 176.38877868652344, 67.26811981201172, 114.33721923828125, 51.03919982910156, 0.0, 59.53990173339844, 155.72412109375, 106.23088073730469, 171.14321899414062, 124.42266845703125, 58.46366500854492, 123.43419647216797], [127.91012573242188, 72.49827575683594, 138.0036163330078, 83.6480712890625, 120.5694808959961, 141.06027221679688, 21.21320343017578, 137.93113708496094, 151.5387725830078, 8.246211051940918, 125.28367614746094, 94.33981323242188, 59.53990173339844, 0.0, 126.11502838134766, 47.53945541381836, 144.08677673339844, 77.8331527709961, 79.6303939819336, 164.76953125], [180.2498321533203, 147.5567626953125, 62.2414665222168, 149.58609008789062, 168.23793029785156, 104.92378234863281, 121.01652526855469, 40.224369049072266, 27.073972702026367, 120.93386840820312, 92.26592254638672, 205.7790069580078, 155.72412109375, 126.11502838134766, 0.0, 131.54847717285156, 18.439088821411133, 60.008331298828125, 112.72976684570312, 171.07308959960938], [175.37673950195312, 120.01666259765625, 162.36070251464844, 131.04579162597656, 167.76470947265625, 176.30087280273438, 67.60177612304688, 155.4252166748047, 158.61903381347656, 41.18252182006836, 159.51174926757812, 132.96615600585938, 106.23088073730469, 47.53945541381836, 131.54847717285156, 0.0, 149.85659790039062, 72.18032836914062, 122.42957305908203, 209.2295379638672], [190.3943328857422, 161.48374938964844, 61.400325775146484, 162.54229736328125, 178.3143310546875, 107.01869201660156, 138.1339874267578, 37.336307525634766, 9.219544410705566, 139.0863037109375, 96.6281509399414, 221.65061950683594, 171.14321899414062, 144.08677673339844, 18.439088821411133, 149.85659790039062, 0.0, 78.05767059326172, 124.86792755126953, 175.48219299316406], [172.02615356445312, 125.13192749023438, 102.90287017822266, 131.7459716796875, 161.19863891601562, 131.2097625732422, 81.41252899169922, 89.69392395019531, 87.00574493408203, 70.72481536865234, 114.6211166381836, 169.0976104736328, 124.42266845703125, 77.8331527709961, 60.008331298828125, 72.18032836914062, 78.05767059326172, 0.0, 103.69667053222656, 183.8722381591797], [69.58448028564453, 40.31128692626953, 85.75546264648438, 38.20994567871094, 58.13776779174805, 68.00735473632812, 58.830265045166016, 99.00505065917969, 128.2224578857422, 82.97589874267578, 55.90169906616211, 107.54068756103516, 58.46366500854492, 79.6303939819336, 112.72976684570312, 122.42957305908203, 124.86792755126953, 103.69667053222656, 0.0, 87.00574493408203], [62.0, 100.7223892211914, 115.7410888671875, 89.005615234375, 58.051700592041016, 69.63475799560547, 143.558349609375, 139.16896057128906, 174.3932342529297, 169.07098388671875, 79.02531433105469, 154.37940979003906, 123.43419647216797, 164.76953125, 171.07308959960938, 209.2295379638672, 175.48219299316406, 183.8722381591797, 87.00574493408203, 0.0]], "coordinates": [[-77, 6], [-28, 32], [37, -76], [-36, 23], [-66, 1], [-9, -71], [23, 47], [61, -74], [96, -78], [46, 60], [2, -58], [-50, 96], [-21, 54], [38, 62], [94, -51], [82, 80], [98, -69], [95, 9], [-8, -3], [-77, -56]], "demands": [37.0, 31.0, 25.0, 18.0, 21.0, 5.0, 39.0, 39.0, 13.0, 24.0, -37.0, -31.0, -25.0, -18.0, -21.0, -5.0, -39.0, -39.0, -13.0, -24.0], "capacity": 50, "Vmax": 14}