{"name": "LZB_n10_13", "n": 10, "m": 3, "times": [[0.0, 205.50668334960938, 159.1540069580078, 159.02830505371094, 183.5211181640625, 210.2379608154297, 116.86744689941406, 128.88754272460938, 123.2396011352539, 218.5520477294922, 48.66210174560547, 65.19202423095703, 27.459060668945312, 66.8879623413086, 173.643310546875, 188.06381225585938, 181.27603149414062, 211.35751342773438, 129.4024658203125, 140.2640380859375], [205.50668334960938, 0.0, 46.52956008911133, 90.75791931152344, 24.83948516845703, 57.245086669921875, 143.02796936035156, 102.8250961303711, 96.00521087646484, 74.32361602783203, 158.8238067626953, 177.80044555664062, 222.14634704589844, 139.51702880859375, 43.416587829589844, 114.1095962524414, 93.26306915283203, 21.3775577545166, 156.46725463867188, 83.6002426147461], [159.1540069580078, 46.52956008911133, 0.0, 65.11528015136719, 25.179357528686523, 74.52516174316406, 110.07270050048828, 70.32780456542969, 58.872745513916016, 90.66973114013672, 112.29425811767578, 132.96615600585938, 175.635986328125, 93.68030548095703, 33.0151481628418, 106.92988586425781, 78.72102355957031, 56.7274169921875, 126.76355743408203, 52.801513671875], [159.02830505371094, 90.75791931152344, 65.11528015136719, 0.0, 68.24954223632812, 137.0328369140625, 156.98406982421875, 123.00406646728516, 108.23123168945312, 154.0032501220703, 111.54371643066406, 108.811767578125, 165.74679565429688, 108.84851837158203, 97.86725616455078, 170.79226684570312, 23.0867919921875, 109.88175201416016, 176.10508728027344, 110.14535522460938], [183.5211181640625, 24.83948516845703, 25.179357528686523, 68.24954223632812, 0.0, 70.71067810058594, 132.1892547607422, 91.76055908203125, 82.0, 88.1192398071289, 136.05880737304688, 153.2644805908203, 199.02261352539062, 118.60016632080078, 39.69886779785156, 117.20068359375, 74.5452880859375, 41.761226654052734, 147.7328643798828, 73.00685119628906], [210.2379608154297, 57.245086669921875, 74.52516174316406, 137.0328369140625, 70.71067810058594, 0.0, 118.1270523071289, 84.9705810546875, 87.20092010498047, 17.464248657226562, 169.91763305664062, 200.02499389648438, 231.96981811523438, 144.31216430664062, 43.08131790161133, 64.62197875976562, 145.24806213378906, 37.202152252197266, 125.39936065673828, 70.21395874023438], [116.86744689941406, 143.02796936035156, 110.07270050048828, 156.98406982421875, 132.1892547607422, 118.1270523071289, 0.0, 40.52159881591797, 51.4781494140625, 119.40267944335938, 99.00505065917969, 142.2251739501953, 143.73587036132812, 72.69112396240234, 99.84988403320312, 75.00666809082031, 177.89041137695312, 137.0328369140625, 19.72308349609375, 59.66573715209961], [128.88754272460938, 102.8250961303711, 70.32780456542969, 123.00406646728516, 91.76055908203125, 84.9705810546875, 40.52159881591797, 0.0, 15.231546401977539, 90.60353088378906, 95.85405731201172, 134.61798095703125, 153.00326538085938, 67.5425796508789, 60.0333251953125, 64.03124237060547, 142.3411407470703, 98.32598876953125, 56.4358024597168, 19.235383987426758], [123.2396011352539, 96.00521087646484, 58.872745513916016, 108.23123168945312, 82.0, 87.20092010498047, 51.4781494140625, 15.231546401977539, 0.0, 95.48298645019531, 86.09297180175781, 122.71104431152344, 145.9109344482422, 58.600341796875, 55.31726837158203, 76.65507507324219, 128.00390625, 94.5938720703125, 69.20259857177734, 17.029386520385742], [218.5520477294922, 74.32361602783203, 90.66973114013672, 154.0032501220703, 88.1192398071289, 17.464248657226562, 119.40267944335938, 90.60353088378906, 95.48298645019531, 0.0, 180.41342163085938, 212.6146697998047, 241.35658264160156, 153.80831909179688, 58.24946212768555, 56.4358024597168, 162.6345672607422, 53.712196350097656, 123.9758071899414, 78.56844329833984], [48.66210174560547, 158.8238067626953, 112.29425811767578, 111.54371643066406, 136.05880737304688, 169.91763305664062, 99.00505065917969, 95.85405731201172, 86.09297180175781, 180.41342163085938, 0.0, 43.5660400390625, 63.51377868652344, 28.460498809814453, 130.38404846191406, 159.42396545410156, 134.2125244140625, 166.46922302246094, 116.5203857421875, 102.34255981445312], [65.19202423095703, 177.80044555664062, 132.96615600585938, 108.811767578125, 153.2644805908203, 200.02499389648438, 142.2251739501953, 134.61798095703125, 122.71104431152344, 212.6146697998047, 43.5660400390625, 0.0, 60.530982971191406, 70.028564453125, 157.86703491210938, 198.640380859375, 128.4562225341797, 189.63648986816406, 160.015625, 137.4190673828125], [27.459060668945312, 222.14634704589844, 175.635986328125, 165.74679565429688, 199.02261352539062, 231.96981811523438, 143.73587036132812, 153.00326538085938, 145.9109344482422, 241.35658264160156, 63.51377868652344, 60.530982971191406, 0.0, 87.68124389648438, 193.49935913085938, 213.7147674560547, 186.7752685546875, 229.9608612060547, 156.7322540283203, 162.7882080078125], [66.8879623413086, 139.51702880859375, 93.68030548095703, 108.84851837158203, 118.60016632080078, 144.31216430664062, 72.69112396240234, 67.5425796508789, 58.600341796875, 153.80831909179688, 28.460498809814453, 70.028564453125, 87.68124389648438, 0.0, 106.7801513671875, 130.97328186035156, 131.91285705566406, 144.5337371826172, 91.21951293945312, 75.28611755371094], [173.643310546875, 43.416587829589844, 33.0151481628418, 97.86725616455078, 39.69886779785156, 43.08131790161133, 99.84988403320312, 60.0333251953125, 55.31726837158203, 58.24946212768555, 130.38404846191406, 157.86703491210938, 193.49935913085938, 106.7801513671875, 0.0, 77.66595458984375, 109.73149108886719, 39.293766021728516, 113.05308532714844, 41.01219177246094], [188.06381225585938, 114.1095962524414, 106.92988586425781, 170.79226684570312, 117.20068359375, 64.62197875976562, 75.00666809082031, 64.03124237060547, 76.65507507324219, 56.4358024597168, 159.42396545410156, 198.640380859375, 213.7147674560547, 130.97328186035156, 77.66595458984375, 0.0, 185.64752197265625, 98.18350219726562, 73.35530090332031, 65.0691909790039], [181.27603149414062, 93.26306915283203, 78.72102355957031, 23.0867919921875, 74.5452880859375, 145.24806213378906, 177.89041137695312, 142.3411407470703, 128.00390625, 162.6345672607422, 134.2125244140625, 128.4562225341797, 186.7752685546875, 131.91285705566406, 109.73149108886719, 185.64752197265625, 0.0, 114.03946685791016, 196.70281982421875, 128.00390625], [211.35751342773438, 21.3775577545166, 56.7274169921875, 109.88175201416016, 41.761226654052734, 37.202152252197266, 137.0328369140625, 98.32598876953125, 94.5938720703125, 53.712196350097656, 166.46922302246094, 189.63648986816406, 229.9608612060547, 144.5337371826172, 39.293766021728516, 98.18350219726562, 114.03946685791016, 0.0, 148.35430908203125, 79.76214599609375], [129.4024658203125, 156.46725463867188, 126.76355743408203, 176.10508728027344, 147.7328643798828, 125.39936065673828, 19.72308349609375, 56.4358024597168, 69.20259857177734, 123.9758071899414, 116.5203857421875, 160.015625, 156.7322540283203, 91.21951293945312, 113.05308532714844, 73.35530090332031, 196.70281982421875, 148.35430908203125, 0.0, 74.73285675048828], [140.2640380859375, 83.6002426147461, 52.801513671875, 110.14535522460938, 73.00685119628906, 70.21395874023438, 59.66573715209961, 19.235383987426758, 17.029386520385742, 78.56844329833984, 102.34255981445312, 137.4190673828125, 162.7882080078125, 75.28611755371094, 41.01219177246094, 65.0691909790039, 128.00390625, 79.76214599609375, 74.73285675048828, 0.0]], "coordinates": [[62, 89], [-21, -99], [1, -58], [65, -70], [-2, -83], [-72, -73], [-45, 42], [-34, 3], [-20, -3], [-89, -69], [54, 41], [97, 34], [89, 94], [27, 32], [-32, -57], [-96, -13], [72, -92], [-42, -95], [-62, 52], [-31, -16]], "demands": [17.0, 23.0, 32.0, 5.0, 18.0, 40.0, 23.0, 40.0, 30.0, 18.0, -17.0, -23.0, -32.0, -5.0, -18.0, -40.0, -23.0, -40.0, -30.0, -18.0], "capacity": 50, "Vmax": 14}