{"name": "LZB_n10_16", "n": 10, "m": 3, "times": [[0.0, 73.68174743652344, 121.06196594238281, 69.02897644042969, 117.8006820678711, 80.05622863769531, 89.55445098876953, 126.6056900024414, 98.83824920654297, 121.40016174316406, 43.011627197265625, 165.71058654785156, 124.14910125732422, 101.78899383544922, 74.14849853515625, 49.09175109863281, 155.58920288085938, 62.36986541748047, 131.84840393066406, 131.06105041503906], [73.68174743652344, 0.0, 141.49559020996094, 56.30275344848633, 64.51356506347656, 103.3247299194336, 54.230987548828125, 71.17584228515625, 82.87339782714844, 87.0, 81.02468872070312, 96.83490753173828, 50.695167541503906, 104.9571304321289, 23.0, 36.2353401184082, 94.81033325195312, 48.91830062866211, 153.05227661132812, 59.66573715209961], [121.06196594238281, 141.49559020996094, 0.0, 177.39503479003906, 120.42009735107422, 42.05948257446289, 189.0290985107422, 126.28935241699219, 68.88395690917969, 91.92388153076172, 78.44743347167969, 176.46530151367188, 168.68017578125, 40.31128692626953, 160.03125, 109.07795715332031, 234.7764892578125, 92.61749267578125, 11.661903381347656, 192.31484985351562], [69.02897644042969, 56.30275344848633, 177.39503479003906, 0.0, 120.81390380859375, 135.5654754638672, 24.020824432373047, 127.38916778564453, 131.3087921142578, 141.2834014892578, 102.08329772949219, 146.57762145996094, 94.76286315917969, 147.22091674804688, 35.510562896728516, 71.19690704345703, 94.13288116455078, 90.93404388427734, 188.95767211914062, 86.31338500976562], [117.8006820678711, 64.51356506347656, 120.42009735107422, 120.81390380859375, 0.0, 97.41663360595703, 116.10771179199219, 8.9442720413208, 51.865211486816406, 33.42155075073242, 99.04039764404297, 58.215118408203125, 55.56977462768555, 80.41144561767578, 86.58522033691406, 68.88395690917969, 130.6790008544922, 58.18075180053711, 130.14222717285156, 83.63013458251953], [80.05622863769531, 103.3247299194336, 42.05948257446289, 135.5654754638672, 97.41663360595703, 0.0, 148.1114501953125, 105.11898040771484, 48.66210174560547, 77.87811279296875, 37.05401611328125, 155.63096618652344, 137.38267517089844, 29.73213768005371, 120.10411834716797, 68.88395690917969, 197.95201110839844, 55.0, 53.48831558227539, 158.15182495117188], [89.55445098876953, 54.230987548828125, 189.0290985107422, 24.020824432373047, 116.10771179199219, 148.1114501953125, 0.0, 121.39604949951172, 136.06248474121094, 141.088623046875, 117.51595306396484, 132.5745086669922, 80.15609741210938, 155.6181182861328, 31.400636672973633, 80.0624771118164, 70.11418914794922, 98.23441314697266, 200.68881225585938, 66.40029907226562], [126.6056900024414, 71.17584228515625, 126.28935241699219, 127.38916778564453, 8.9442720413208, 105.11898040771484, 121.39604949951172, 0.0, 58.46366500854492, 36.400550842285156, 107.85638427734375, 50.80354309082031, 55.71355438232422, 86.68333435058594, 92.6552734375, 77.6208724975586, 131.32022094726562, 67.11929321289062, 135.65028381347656, 84.15461730957031], [98.83824920654297, 82.87339782714844, 68.88395690917969, 131.3087921142578, 51.865211486816406, 48.66210174560547, 136.06248474121094, 58.46366500854492, 0.0, 29.4108829498291, 64.35060119628906, 109.23827362060547, 100.76705932617188, 28.635643005371094, 104.8093490600586, 61.13100814819336, 170.6018829345703, 41.19466018676758, 79.07591247558594, 125.93649291992188], [121.40016174316406, 87.0, 91.92388153076172, 141.2834014892578, 33.42155075073242, 77.87811279296875, 141.088623046875, 36.400550842285156, 29.4108829498291, 0.0, 91.60785675048828, 84.8646011352539, 88.7524642944336, 54.08327102661133, 110.0, 76.967529296875, 163.24827575683594, 59.36328887939453, 100.5683822631836, 116.46887969970703], [43.011627197265625, 81.02468872070312, 78.44743347167969, 102.08329772949219, 99.04039764404297, 37.05401611328125, 117.51595306396484, 107.85638427734375, 64.35060119628906, 91.60785675048828, 0.0, 154.71910095214844, 124.61540985107422, 60.406951904296875, 92.80086517333984, 44.94440841674805, 174.59095764160156, 42.19004440307617, 89.49860382080078, 140.11781311035156], [165.71058654785156, 96.83490753173828, 176.46530151367188, 146.57762145996094, 58.215118408203125, 155.63096618652344, 132.5745086669922, 50.80354309082031, 109.23827362060547, 84.8646011352539, 154.71910095214844, 0.0, 52.430908203125, 137.277099609375, 111.72286987304688, 117.65203094482422, 114.07015228271484, 112.61438751220703, 185.39686584472656, 73.08214569091797], [124.14910125732422, 50.695167541503906, 168.68017578125, 94.76286315917969, 55.56977462768555, 137.38267517089844, 80.15609741210938, 55.71355438232422, 100.76705932617188, 88.7524642944336, 124.61540985107422, 52.430908203125, 0.0, 128.60015869140625, 60.80295944213867, 81.09870910644531, 75.61084747314453, 84.48076629638672, 179.4017791748047, 28.460498809814453], [101.78899383544922, 104.9571304321289, 40.31128692626953, 147.22091674804688, 80.41144561767578, 29.73213768005371, 155.6181182861328, 86.68333435058594, 28.635643005371094, 54.08327102661133, 60.406951904296875, 137.277099609375, 128.60015869140625, 0.0, 125.2397689819336, 76.24303436279297, 196.3288116455078, 57.384666442871094, 50.80354309082031, 152.83978271484375], [74.14849853515625, 23.0, 160.03125, 35.510562896728516, 86.58522033691406, 120.10411834716797, 31.400636672973633, 92.6552734375, 104.8093490600586, 110.0, 92.80086517333984, 111.72286987304688, 60.80295944213867, 125.2397689819336, 0.0, 51.22499465942383, 82.76472473144531, 68.0, 171.679931640625, 58.694122314453125], [49.09175109863281, 36.2353401184082, 109.07795715332031, 71.19690704345703, 68.88395690917969, 68.88395690917969, 80.0624771118164, 77.6208724975586, 61.13100814819336, 76.967529296875, 44.94440841674805, 117.65203094482422, 81.09870910644531, 76.24303436279297, 51.22499465942383, 0.0, 130.66751098632812, 20.0, 120.73938751220703, 95.18928527832031], [155.58920288085938, 94.81033325195312, 234.7764892578125, 94.13288116455078, 130.6790008544922, 197.95201110839844, 70.11418914794922, 131.32022094726562, 170.6018829345703, 163.24827575683594, 174.59095764160156, 114.07015228271484, 75.61084747314453, 196.3288116455078, 82.76472473144531, 130.66751098632812, 0.0, 143.08738708496094, 246.13816833496094, 47.16990661621094], [62.36986541748047, 48.91830062866211, 92.61749267578125, 90.93404388427734, 58.18075180053711, 55.0, 98.23441314697266, 67.11929321289062, 41.19466018676758, 59.36328887939453, 42.19004440307617, 112.61438751220703, 84.48076629638672, 57.384666442871094, 68.0, 20.0, 143.08738708496094, 0.0, 104.20172882080078, 103.44564056396484], [131.84840393066406, 153.05227661132812, 11.661903381347656, 188.95767211914062, 130.14222717285156, 53.48831558227539, 200.68881225585938, 135.65028381347656, 79.07591247558594, 100.5683822631836, 89.49860382080078, 185.39686584472656, 179.4017791748047, 50.80354309082031, 171.679931640625, 120.73938751220703, 246.13816833496094, 104.20172882080078, 0.0, 203.38388061523438], [131.06105041503906, 59.66573715209961, 192.31484985351562, 86.31338500976562, 83.63013458251953, 158.15182495117188, 66.40029907226562, 84.15461730957031, 125.93649291992188, 116.46887969970703, 140.11781311035156, 73.08214569091797, 28.460498809814453, 152.83978271484375, 58.694122314453125, 95.18928527832031, 47.16990661621094, 103.44564056396484, 203.38388061523438, 0.0]], "coordinates": [[48, 77], [38, 4], [-72, 93], [91, 23], [-23, -17], [-32, 80], [92, -1], [-27, -25], [-40, 32], [-49, 4], [5, 78], [-18, -75], [25, -45], [-52, 58], [61, 4], [21, 36], [96, -71], [1, 36], [-82, 99], [52, -54]], "demands": [25.0, 6.0, 40.0, 8.0, 18.0, 10.0, 31.0, 36.0, 33.0, 30.0, -25.0, -6.0, -40.0, -8.0, -18.0, -10.0, -31.0, -36.0, -33.0, -30.0], "capacity": 50, "Vmax": 14}