{"name": "LZB_n10_12", "n": 10, "m": 3, "times": [[0.0, 168.68017578125, 67.05221557617188, 159.42396545410156, 146.74127197265625, 89.28605651855469, 37.2155876159668, 81.3449478149414, 206.6494598388672, 143.26548767089844, 156.9522247314453, 128.7982940673828, 50.08992004394531, 19.92485809326172, 126.19429779052734, 151.32745361328125, 41.1096076965332, 202.42529296875, 36.359317779541016, 59.03388977050781], [168.68017578125, 0.0, 122.52754974365234, 99.32270812988281, 110.57124328613281, 162.37303161621094, 131.60546875, 168.315185546875, 55.03635025024414, 78.10249328613281, 96.8968505859375, 45.27692413330078, 212.94129943847656, 153.32318115234375, 68.4689712524414, 33.83784866333008, 161.7559814453125, 64.53681182861328, 170.3085479736328, 193.5355224609375], [67.05221557617188, 122.52754974365234, 0.0, 92.4770278930664, 79.83106994628906, 49.19349670410156, 46.57252502441406, 50.447994232177734, 148.80860900878906, 130.03460693359375, 90.07774353027344, 95.18928527832031, 96.8968505859375, 47.12748718261719, 64.66065216064453, 96.60227966308594, 41.400482177734375, 141.53445434570312, 51.088157653808594, 71.30918884277344], [159.42396545410156, 99.32270812988281, 92.4770278930664, 0.0, 18.788293838500977, 100.89598846435547, 132.83448791503906, 111.1980209350586, 86.02325439453125, 157.8131866455078, 3.1622776985168457, 110.38568878173828, 185.0, 139.51702880859375, 47.75981521606445, 66.84310150146484, 129.65338134765625, 70.71067810058594, 139.60658264160156, 150.8939971923828], [146.74127197265625, 110.57124328613281, 79.83106994628906, 18.788293838500977, 0.0, 82.8070068359375, 123.1015853881836, 93.33809661865234, 103.48429870605469, 161.72198486328125, 18.681541442871094, 114.62983703613281, 169.0976104736328, 126.84636688232422, 49.57822036743164, 76.92203521728516, 114.49454498291016, 88.84255981445312, 124.32618713378906, 133.8431854248047], [89.28605651855469, 162.37303161621094, 49.19349670410156, 100.89598846435547, 82.8070068359375, 0.0, 87.32124328613281, 11.180339813232422, 176.7823486328125, 179.01116943359375, 99.80982208251953, 141.79209899902344, 92.72000885009766, 73.40980529785156, 95.90099334716797, 131.84840393066406, 48.27007293701172, 165.46902465820312, 55.226806640625, 53.712196350097656], [37.2155876159668, 131.60546875, 46.57252502441406, 132.83448791503906, 123.1015853881836, 87.32124328613281, 0.0, 83.48652648925781, 171.32717895507812, 110.0, 130.04998779296875, 91.7060546875, 84.89994049072266, 26.0, 94.02127075195312, 115.74540710449219, 49.24428939819336, 168.3597412109375, 52.39274597167969, 80.04998779296875], [81.3449478149414, 168.315185546875, 50.447994232177734, 111.1980209350586, 93.33809661865234, 11.180339813232422, 83.48652648925781, 0.0, 185.30245971679688, 180.2498321533203, 109.98636627197266, 145.12063598632812, 81.74349975585938, 66.8879623413086, 103.16007232666016, 138.7407684326172, 40.31128692626953, 174.54225158691406, 46.097721099853516, 42.54409408569336], [206.6494598388672, 55.03635025024414, 148.80860900878906, 86.02325439453125, 103.48429870605469, 176.7823486328125, 171.32717895507812, 185.30245971679688, 0.0, 133.01502990722656, 85.14693450927734, 97.26766967773438, 245.20399475097656, 188.798828125, 84.31488800048828, 55.60575485229492, 190.2051544189453, 17.8885440826416, 199.80490112304688, 218.6801300048828], [143.26548767089844, 78.10249328613281, 130.03460693359375, 157.8131866455078, 161.72198486328125, 179.01116943359375, 110.0, 180.2498321533203, 133.01502990722656, 0.0, 154.76756286621094, 47.434165954589844, 193.2563018798828, 136.0, 112.16059875488281, 96.00521087646484, 156.28500366210938, 142.144287109375, 161.4465789794922, 188.8597412109375], [156.9522247314453, 96.8968505859375, 90.07774353027344, 3.1622776985168457, 18.681541442871094, 99.80982208251953, 130.04998779296875, 109.98636627197266, 85.14693450927734, 154.76756286621094, 0.0, 107.33592224121094, 183.09832763671875, 137.05838012695312, 44.59820556640625, 64.20280456542969, 127.62445068359375, 70.21395874023438, 137.59359741210938, 149.33518981933594], [128.7982940673828, 45.27692413330078, 95.18928527832031, 110.38568878173828, 114.62983703613281, 141.79209899902344, 91.7060546875, 145.12063598632812, 97.26766967773438, 47.434165954589844, 107.33592224121094, 0.0, 175.9147491455078, 115.76700592041016, 65.0691909790039, 50.80354309082031, 129.4024658203125, 102.39628601074219, 136.69308471679688, 162.36378479003906], [50.08992004394531, 212.94129943847656, 96.8968505859375, 185.0, 169.0976104736328, 92.72000885009766, 84.89994049072266, 81.74349975585938, 245.20399475097656, 193.2563018798828, 183.09832763671875, 175.9147491455078, 0.0, 60.16643524169922, 161.4434814453125, 191.46017456054688, 55.973209381103516, 238.42189025878906, 46.010868072509766, 40.199501037597656], [19.92485809326172, 153.32318115234375, 47.12748718261719, 139.51702880859375, 126.84636688232422, 73.40980529785156, 26.0, 66.8879623413086, 188.798828125, 136.0, 137.05838012695312, 115.76700592041016, 60.16643524169922, 0.0, 107.20074462890625, 133.8693389892578, 27.58622932434082, 183.86135864257812, 27.73084831237793, 55.02726745605469], [126.19429779052734, 68.4689712524414, 64.66065216064453, 47.75981521606445, 49.57822036743164, 95.90099334716797, 94.02127075195312, 103.16007232666016, 84.31488800048828, 112.16059875488281, 44.59820556640625, 65.0691909790039, 161.4434814453125, 107.20074462890625, 0.0, 36.12478256225586, 106.04244232177734, 77.077880859375, 115.74540710449219, 134.46188354492188], [151.32745361328125, 33.83784866333008, 96.60227966308594, 66.84310150146484, 76.92203521728516, 131.84840393066406, 115.74540710449219, 138.7407684326172, 55.60575485229492, 96.00521087646484, 64.20280456542969, 50.80354309082031, 191.46017456054688, 133.8693389892578, 36.12478256225586, 0.0, 137.55726623535156, 55.02726745605469, 146.81280517578125, 167.76470947265625], [41.1096076965332, 161.7559814453125, 41.400482177734375, 129.65338134765625, 114.49454498291016, 48.27007293701172, 49.24428939819336, 40.31128692626953, 190.2051544189453, 156.28500366210938, 127.62445068359375, 129.4024658203125, 55.973209381103516, 27.58622932434082, 106.04244232177734, 137.55726623535156, 0.0, 182.78402709960938, 10.0, 33.060550689697266], [202.42529296875, 64.53681182861328, 141.53445434570312, 70.71067810058594, 88.84255981445312, 165.46902465820312, 168.3597412109375, 174.54225158691406, 17.8885440826416, 142.144287109375, 70.21395874023438, 102.39628601074219, 238.42189025878906, 183.86135864257812, 77.077880859375, 55.02726745605469, 182.78402709960938, 0.0, 192.587646484375, 209.8308868408203], [36.359317779541016, 170.3085479736328, 51.088157653808594, 139.60658264160156, 124.32618713378906, 55.226806640625, 52.39274597167969, 46.097721099853516, 199.80490112304688, 161.4465789794922, 137.59359741210938, 136.69308471679688, 46.010868072509766, 27.73084831237793, 115.74540710449219, 146.81280517578125, 10.0, 192.587646484375, 0.0, 27.658634185791016], [59.03388977050781, 193.5355224609375, 71.30918884277344, 150.8939971923828, 133.8431854248047, 53.712196350097656, 80.04998779296875, 42.54409408569336, 218.6801300048828, 188.8597412109375, 149.33518981933594, 162.36378479003906, 40.199501037597656, 55.02726745605469, 134.46188354492188, 167.76470947265625, 33.060550689697266, 209.8308868408203, 27.658634185791016, 0.0]], "coordinates": [[88, -50], [-9, 88], [24, -30], [-62, 4], [-54, -13], [2, -74], [69, -18], [12, -79], [-64, 90], [69, 92], [-59, 5], [30, 65], [91, -100], [69, -44], [-17, 20], [-20, 56], [49, -63], [-72, 74], [57, -69], [51, -96]], "demands": [9.0, 24.0, 28.0, 20.0, 37.0, 5.0, 10.0, 25.0, 15.0, 4.0, -9.0, -24.0, -28.0, -20.0, -37.0, -5.0, -10.0, -25.0, -15.0, -4.0], "capacity": 50, "Vmax": 14}