{"name": "LZB_n10_20", "n": 10, "m": 3, "times": [[0.0, 97.52947998046875, 92.35800170898438, 13.34166431427002, 55.44366455078125, 99.82484436035156, 105.20931243896484, 95.41488647460938, 27.80287742614746, 149.05368041992188, 145.8252410888672, 137.6154022216797, 155.50241088867188, 132.38201904296875, 59.236812591552734, 60.0333251953125, 59.00847244262695, 80.15609741210938, 116.07756042480469, 171.17242431640625], [97.52947998046875, 0.0, 173.64907836914062, 94.9210205078125, 146.29421997070312, 155.54098510742188, 45.79301071166992, 166.1083984375, 111.82575988769531, 93.40770721435547, 174.94284057617188, 87.46427917480469, 113.3181381225586, 182.56231689453125, 64.62971496582031, 116.15506744384766, 85.98837280273438, 19.10497283935547, 93.39164733886719, 102.0], [92.35800170898438, 173.64907836914062, 0.0, 85.90692901611328, 40.0, 47.423622131347656, 158.4834442138672, 22.135944366455078, 66.4906005859375, 181.4635009765625, 99.82484436035156, 169.7527618408203, 174.7712860107422, 67.02984619140625, 111.61093139648438, 60.74536895751953, 92.34716796875, 154.5477294921875, 208.35546875, 208.84922790527344], [13.34166431427002, 94.9210205078125, 85.90692901611328, 0.0, 52.345008850097656, 88.41380310058594, 97.0, 86.31338500976562, 19.416488647460938, 138.6542510986328, 132.9699249267578, 127.01181030273438, 143.89231872558594, 120.91732788085938, 48.87739944458008, 47.434165954589844, 46.173583984375, 76.55716705322266, 124.35433197021484, 161.69725036621094], [55.44366455078125, 146.29421997070312, 40.0, 52.345008850097656, 0.0, 68.06614685058594, 140.6165008544922, 51.4781494140625, 34.48188018798828, 173.48486328125, 122.69066619873047, 161.4434814453125, 172.2353057861328, 97.14422607421875, 90.73587799072266, 51.4781494140625, 76.41989135742188, 127.48725128173828, 170.14111328125, 199.40411376953125], [99.82484436035156, 155.54098510742188, 47.423622131347656, 88.41380310058594, 68.06614685058594, 0.0, 129.4681396484375, 25.553865432739258, 72.62230682373047, 142.2251739501953, 55.009090423583984, 131.18307495117188, 132.0605926513672, 32.557640075683594, 91.0054931640625, 43.046485900878906, 69.63475799560547, 137.31715393066406, 210.8008575439453, 169.95587158203125], [105.20931243896484, 45.79301071166992, 158.4834442138672, 97.0, 140.6165008544922, 129.4681396484375, 0.0, 145.78408813476562, 108.07405090332031, 51.009803771972656, 137.2443084716797, 42.95346450805664, 68.3081283569336, 151.55856323242188, 50.0, 97.73944854736328, 66.30987548828125, 41.30375289916992, 137.5681610107422, 67.41661834716797], [95.41488647460938, 166.1083984375, 22.135944366455078, 86.31338500976562, 51.4781494140625, 25.553865432739258, 145.78408813476562, 0.0, 67.74215698242188, 164.1249542236328, 77.92945861816406, 152.68922424316406, 155.7080535888672, 46.87216567993164, 102.04410552978516, 50.0, 81.3019027709961, 147.217529296875, 210.66085815429688, 191.76026916503906], [27.80287742614746, 111.82575988769531, 66.4906005859375, 19.416488647460938, 34.48188018798828, 72.62230682373047, 108.07405090332031, 67.74215698242188, 0.0, 145.086181640625, 121.07848358154297, 133.13526916503906, 147.16656494140625, 105.11898040771484, 58.13776779174805, 35.902645111083984, 47.88528060913086, 93.00537872314453, 143.12582397460938, 169.77926635742188], [149.05368041992188, 93.40770721435547, 181.4635009765625, 138.6542510986328, 173.48486328125, 142.2251739501953, 51.009803771972656, 164.1249542236328, 145.086181640625, 0.0, 129.18978881835938, 12.041594505310059, 24.413110733032227, 154.73849487304688, 89.89994812011719, 123.84264373779297, 97.6166000366211, 92.19544219970703, 186.75384521484375, 27.73084831237793], [145.8252410888672, 174.94284057617188, 99.82484436035156, 132.9699249267578, 122.69066619873047, 55.009090423583984, 137.2443084716797, 77.92945861816406, 121.07848358154297, 129.18978881835938, 0.0, 121.01652526855469, 111.00450134277344, 37.44329071044922, 116.5160903930664, 85.86617279052734, 98.2903823852539, 159.5305633544922, 246.78128051757812, 155.1676483154297], [137.6154022216797, 87.46427917480469, 169.7527618408203, 127.01181030273438, 161.4434814453125, 131.18307495117188, 42.95346450805664, 152.68922424316406, 133.13526916503906, 12.041594505310059, 121.01652526855469, 0.0, 25.942243576049805, 144.93101501464844, 78.39005279541016, 111.8659896850586, 85.6037368774414, 84.17243957519531, 180.27755737304688, 39.11521530151367], [155.50241088867188, 113.3181381225586, 174.7712860107422, 143.89231872558594, 172.2353057861328, 132.0605926513672, 68.3081283569336, 155.7080535888672, 147.16656494140625, 24.413110733032227, 111.00450134277344, 25.942243576049805, 0.0, 140.0142822265625, 96.8813705444336, 121.01652526855469, 99.4032211303711, 109.1421127319336, 205.866455078125, 45.0444221496582], [132.38201904296875, 182.56231689453125, 67.02984619140625, 120.91732788085938, 97.14422607421875, 32.557640075683594, 151.55856323242188, 46.87216567993164, 105.11898040771484, 154.73849487304688, 37.44329071044922, 144.93101501464844, 140.0142822265625, 0.0, 119.03781127929688, 74.81310272216797, 98.0866928100586, 165.08180236816406, 242.62110900878906, 182.00274658203125], [59.236812591552734, 64.62971496582031, 111.61093139648438, 48.87739944458008, 90.73587799072266, 91.0054931640625, 50.0, 102.04410552978516, 58.13776779174805, 89.89994812011719, 116.5160903930664, 78.39005279541016, 96.8813705444336, 119.03781127929688, 0.0, 52.08646774291992, 21.3775577545166, 46.3249397277832, 131.24404907226562, 112.89375305175781], [60.0333251953125, 116.15506744384766, 60.74536895751953, 47.434165954589844, 51.4781494140625, 43.046485900878906, 97.73944854736328, 50.0, 35.902645111083984, 123.84264373779297, 85.86617279052734, 111.8659896850586, 121.01652526855469, 74.81310272216797, 52.08646774291992, 0.0, 31.78049659729004, 97.32933807373047, 167.863037109375, 150.57223510742188], [59.00847244262695, 85.98837280273438, 92.34716796875, 46.173583984375, 76.41989135742188, 69.63475799560547, 66.30987548828125, 81.3019027709961, 47.88528060913086, 97.6166000366211, 98.2903823852539, 85.6037368774414, 99.4032211303711, 98.0866928100586, 21.3775577545166, 31.78049659729004, 0.0, 67.6830825805664, 148.49916076660156, 123.06908416748047], [80.15609741210938, 19.10497283935547, 154.5477294921875, 76.55716705322266, 127.48725128173828, 137.31715393066406, 41.30375289916992, 147.217529296875, 93.00537872314453, 92.19544219970703, 159.5305633544922, 84.17243957519531, 109.1421127319336, 165.08180236816406, 46.3249397277832, 97.32933807373047, 67.6830825805664, 0.0, 97.57561492919922, 105.72132873535156], [116.07756042480469, 93.39164733886719, 208.35546875, 124.35433197021484, 170.14111328125, 210.8008575439453, 137.5681610107422, 210.66085815429688, 143.12582397460938, 186.75384521484375, 246.78128051757812, 180.27755737304688, 205.866455078125, 242.62110900878906, 131.24404907226562, 167.863037109375, 148.49916076660156, 97.57561492919922, 0.0, 194.13912963867188], [171.17242431640625, 102.0, 208.84922790527344, 161.69725036621094, 199.40411376953125, 169.95587158203125, 67.41661834716797, 191.76026916503906, 169.77926635742188, 27.73084831237793, 155.1676483154297, 39.11521530151367, 45.0444221496582, 182.00274658203125, 112.89375305175781, 150.57223510742188, 123.06908416748047, 105.72132873535156, 194.13912963867188, 0.0]], "coordinates": [[10, -54], [-76, -8], [97, -23], [13, -41], [65, -47], [77, 20], [-52, 31], [90, -2], [32, -37], [-51, 82], [78, 75], [-43, 73], [-31, 96], [99, 44], [-12, 1], [40, -2], [9, 5], [-57, -10], [-97, -99], [-76, 94]], "demands": [26.0, 1.0, 8.0, 22.0, 22.0, 14.0, 21.0, 23.0, 28.0, 32.0, -26.0, -1.0, -8.0, -22.0, -22.0, -14.0, -21.0, -23.0, -28.0, -32.0], "capacity": 50, "Vmax": 14}