{"name": "LZB_n10_14", "n": 10, "m": 3, "times": [[0.0, 64.28063201904297, 99.12618255615234, 47.6340217590332, 135.88230895996094, 59.80802536010742, 74.73285675048828, 65.30696868896484, 127.53430938720703, 125.29964447021484, 162.806640625, 133.0939483642578, 109.23827362060547, 111.6646728515625, 162.05245971679688, 71.02112579345703, 109.37092590332031, 53.16013717651367, 98.38699340820312, 10.630146026611328], [64.28063201904297, 0.0, 155.64703369140625, 98.97979736328125, 182.13182067871094, 120.93386840820312, 113.44161224365234, 129.4024658203125, 163.8932647705078, 108.66461944580078, 216.39315795898438, 170.41712951660156, 132.6536865234375, 164.0030517578125, 210.48753356933594, 32.24903106689453, 173.64907836914062, 75.1664810180664, 84.40379333496094, 57.03507614135742], [99.12618255615234, 155.64703369140625, 0.0, 56.75385284423828, 49.497474670410156, 41.72529220581055, 56.61272048950195, 67.35725402832031, 65.55150604248047, 150.79124450683594, 64.03124237060547, 66.48307800292969, 84.2911605834961, 19.10497283935547, 68.09552001953125, 145.5815887451172, 64.62197875976562, 142.8425750732422, 134.2013397216797, 101.55294036865234], [47.6340217590332, 98.97979736328125, 56.75385284423828, 0.0, 88.39117431640625, 30.528675079345703, 31.016124725341797, 60.464866638183594, 81.1541748046875, 112.48555755615234, 118.07201385498047, 86.33075714111328, 70.45565795898438, 65.86349487304688, 115.108642578125, 90.00555419921875, 91.4166259765625, 98.83824920654297, 89.87213134765625, 47.01063537597656], [135.88230895996094, 182.13182067871094, 49.497474670410156, 88.39117431640625, 0.0, 86.8158950805664, 68.88395690917969, 116.41735076904297, 33.241539001464844, 144.678955078125, 43.931766510009766, 29.154760360717773, 70.34912872314453, 30.4138126373291, 28.792360305786133, 164.15846252441406, 110.3177261352539, 185.0675506591797, 136.52838134765625, 135.1480712890625], [59.80802536010742, 120.93386840820312, 41.72529220581055, 30.528675079345703, 86.8158950805664, 0.0, 53.23532485961914, 34.928497314453125, 91.13726043701172, 142.523681640625, 105.55093383789062, 94.64142608642578, 92.4770278930664, 57.982757568359375, 109.04127502441406, 117.23907470703125, 60.90156173706055, 101.11874389648438, 120.3702621459961, 64.32728576660156], [74.73285675048828, 113.44161224365234, 56.61272048950195, 31.016124725341797, 68.88395690917969, 53.23532485961914, 0.0, 87.46427917480469, 53.25410842895508, 94.8946762084961, 106.51290893554688, 59.203041076660156, 40.024993896484375, 56.035701751708984, 97.50897216796875, 95.81753540039062, 109.60382843017578, 127.58134460449219, 77.6208724975586, 71.02112579345703], [65.30696868896484, 129.4024658203125, 67.35725402832031, 60.464866638183594, 116.41735076904297, 34.928497314453125, 87.46427917480469, 0.0, 125.03599548339844, 172.00291442871094, 125.9245834350586, 128.03515625, 127.1377182006836, 86.12781524658203, 134.73678588867188, 134.07833862304688, 45.17742919921875, 87.66413116455078, 147.86817932128906, 74.04052734375], [127.53430938720703, 163.8932647705078, 65.55150604248047, 81.1541748046875, 33.241539001464844, 91.13726043701172, 53.25410842895508, 125.03599548339844, 0.0, 113.0177001953125, 76.92203521728516, 6.7082037925720215, 39.31920623779297, 49.39635467529297, 58.03447341918945, 141.83441162109375, 130.17295837402344, 179.84715270996094, 107.70793914794922, 124.25779724121094], [125.29964447021484, 108.66461944580078, 150.79124450683594, 112.48555755615234, 144.678955078125, 142.523681640625, 94.8946762084961, 172.00291442871094, 113.0177001953125, 0.0, 188.4091339111328, 119.00420379638672, 74.3303451538086, 145.7978057861328, 171.04678344726562, 76.41989135742188, 202.60800170898438, 169.0976104736328, 27.20294189453125, 115.15641784667969], [162.806640625, 216.39315795898438, 64.03124237060547, 118.07201385498047, 43.931766510009766, 105.55093383789062, 106.51290893554688, 125.9245834350586, 76.92203521728516, 188.4091339111328, 0.0, 72.11102294921875, 114.12712097167969, 52.39274597167969, 24.83948516845703, 202.07424926757812, 103.3247299194336, 206.5526580810547, 179.02513122558594, 164.47796630859375], [133.0939483642578, 170.41712951660156, 66.48307800292969, 86.33075714111328, 29.154760360717773, 94.64142608642578, 59.203041076660156, 128.03515625, 6.7082037925720215, 119.00420379638672, 72.11102294921875, 0.0, 45.7055778503418, 49.24428939819336, 52.239830017089844, 148.5193634033203, 130.91983032226562, 185.14859008789062, 114.2365951538086, 130.0961151123047], [109.23827362060547, 132.6536865234375, 84.2911605834961, 70.45565795898438, 70.34912872314453, 92.4770278930664, 40.024993896484375, 127.1377182006836, 39.31920623779297, 74.3303451538086, 114.12712097167969, 45.7055778503418, 0.0, 74.79304504394531, 97.04637908935547, 107.1680908203125, 145.0, 162.2744598388672, 68.680419921875, 103.16007232666016], [111.6646728515625, 164.0030517578125, 19.10497283935547, 65.86349487304688, 30.4138126373291, 57.982757568359375, 56.035701751708984, 86.12781524658203, 49.39635467529297, 145.7978057861328, 52.39274597167969, 49.24428939819336, 74.79304504394531, 0.0, 51.22499465942383, 150.4426727294922, 82.00609588623047, 158.25611877441406, 132.23086547851562, 112.60550689697266], [162.05245971679688, 210.48753356933594, 68.09552001953125, 115.108642578125, 28.792360305786133, 109.04127502441406, 97.50897216796875, 134.73678588867188, 58.03447341918945, 171.04678344726562, 24.83948516845703, 52.239830017089844, 97.04637908935547, 51.22499465942383, 0.0, 192.9378204345703, 119.41942596435547, 209.46836853027344, 164.47796630859375, 162.11106872558594], [71.02112579345703, 32.24903106689453, 145.5815887451172, 90.00555419921875, 164.15846252441406, 117.23907470703125, 95.81753540039062, 134.07833862304688, 141.83441162109375, 76.41989135742188, 202.07424926757812, 148.5193634033203, 107.1680908203125, 150.4426727294922, 192.9378204345703, 0.0, 175.41380310058594, 99.7296371459961, 52.49761962890625, 60.90156173706055], [109.37092590332031, 173.64907836914062, 64.62197875976562, 91.4166259765625, 110.3177261352539, 60.90156173706055, 109.60382843017578, 45.17742919921875, 130.17295837402344, 202.60800170898438, 103.3247299194336, 130.91983032226562, 145.0, 82.00609588623047, 119.41942596435547, 175.41380310058594, 0.0, 130.91983032226562, 181.1573944091797, 117.23907470703125], [53.16013717651367, 75.1664810180664, 142.8425750732422, 98.83824920654297, 185.0675506591797, 101.11874389648438, 127.58134460449219, 87.66413116455078, 179.84715270996094, 169.0976104736328, 206.5526580810547, 185.14859008789062, 162.2744598388672, 158.25611877441406, 209.46836853027344, 99.7296371459961, 130.91983032226562, 0.0, 141.99295043945312, 59.53990173339844], [98.38699340820312, 84.40379333496094, 134.2013397216797, 89.87213134765625, 136.52838134765625, 120.3702621459961, 77.6208724975586, 147.86817932128906, 107.70793914794922, 27.20294189453125, 179.02513122558594, 114.2365951538086, 68.680419921875, 132.23086547851562, 164.47796630859375, 52.49761962890625, 181.1573944091797, 141.99295043945312, 0.0, 88.14192962646484], [10.630146026611328, 57.03507614135742, 101.55294036865234, 47.01063537597656, 135.1480712890625, 64.32728576660156, 71.02112579345703, 74.04052734375, 124.25779724121094, 115.15641784667969, 164.47796630859375, 130.0961151123047, 103.16007232666016, 112.60550689697266, 162.11106872558594, 60.90156173706055, 117.23907470703125, 59.53990173339844, 88.14192962646484, 0.0]], "coordinates": [[35, 43], [99, 37], [-50, -8], [5, 6], [-57, -57], [-21, 22], [4, -25], [-29, 56], [-26, -69], [87, -71], [-100, -48], [-32, -72], [13, -64], [-52, -27], [-84, -67], [95, 5], [-74, 52], [50, 94], [79, -45], [42, 35]], "demands": [11.0, 12.0, 3.0, 35.0, 4.0, 15.0, 5.0, 19.0, 4.0, 33.0, -11.0, -12.0, -3.0, -35.0, -4.0, -15.0, -5.0, -19.0, -4.0, -33.0], "capacity": 50, "Vmax": 14}