{"name": "LZB_n10_11", "n": 10, "m": 3, "times": [[0.0, 86.14522552490234, 62.361846923828125, 60.0, 99.04544067382812, 133.9328155517578, 164.05487060546875, 57.314918518066406, 23.021728515625, 72.83543395996094, 38.41874694824219, 65.73431396484375, 77.93586730957031, 29.154760360717773, 26.4007568359375, 34.539833068847656, 73.23933410644531, 59.81638717651367, 96.87621307373047, 29.681644439697266], [86.14522552490234, 0.0, 111.89280700683594, 43.046485900878906, 171.47886657714844, 194.45565795898438, 132.9097442626953, 142.2251739501953, 86.46965026855469, 49.57822036743164, 115.43396759033203, 63.89052963256836, 152.77761840820312, 58.52349853515625, 109.04127502441406, 85.4400405883789, 61.32699203491211, 136.400146484375, 174.4706268310547, 114.01753997802734], [62.361846923828125, 111.89280700683594, 0.0, 69.28924560546875, 64.07027435302734, 186.5073699951172, 220.41098022460938, 67.20118713378906, 40.31128692626953, 69.58448028564453, 38.27531814575195, 53.23532485961914, 50.9215087890625, 78.00640869140625, 49.497474670410156, 96.76776123046875, 127.80062866210938, 108.85311126708984, 138.15933227539062, 76.41989135742188], [60.0, 43.046485900878906, 69.28924560546875, 0.0, 130.6981201171875, 188.36666870117188, 166.01806640625, 109.20164489746094, 50.695167541503906, 15.524174690246582, 78.91767883300781, 22.472204208374023, 113.21660614013672, 43.382022857666016, 76.216796875, 76.47875213623047, 78.91767883300781, 118.80236053466797, 156.5407257080078, 89.62700653076172], [99.04544067382812, 171.47886657714844, 64.07027435302734, 130.6981201171875, 0.0, 182.16476440429688, 262.274658203125, 56.36488342285156, 86.92525482177734, 133.13526916503906, 60.74536895751953, 117.01708984375, 21.260292053222656, 125.29964447021484, 73.24616241455078, 129.44883728027344, 172.28465270996094, 112.92475128173828, 125.57467651367188, 92.00543212890625], [133.9328155517578, 194.45565795898438, 186.5073699951172, 188.36666870117188, 182.16476440429688, 0.0, 170.18812561035156, 129.06199645996094, 154.98387145996094, 203.22647094726562, 148.78843688964844, 199.0100555419922, 166.43316650390625, 145.34097290039062, 137.10215759277344, 112.41441345214844, 139.03236389160156, 77.66595458984375, 57.28001403808594, 110.60289001464844], [164.05487060546875, 132.9097442626953, 220.41098022460938, 166.01806640625, 262.274658203125, 170.18812561035156, 0.0, 211.93630981445312, 181.5709228515625, 178.2722625732422, 202.3116455078125, 188.3109130859375, 241.0145263671875, 142.43594360351562, 189.09521484375, 133.0601348876953, 92.61749267578125, 168.34487915039062, 191.84629821777344, 173.10401916503906], [57.314918518066406, 142.2251739501953, 67.20118713378906, 109.20164489746094, 56.36488342285156, 129.06199645996094, 211.93630981445312, 0.0, 58.52349853515625, 117.9237060546875, 32.4499626159668, 105.11898040771484, 37.85498809814453, 86.46965026855469, 33.37664031982422, 79.64923095703125, 126.46343231201172, 56.64803695678711, 74.96665954589844, 38.832977294921875], [23.021728515625, 86.46965026855469, 40.31128692626953, 50.695167541503906, 86.92525482177734, 154.98387145996094, 181.5709228515625, 58.52349853515625, 0.0, 59.9416389465332, 29.017236709594727, 48.91830062866211, 67.05221557617188, 39.69886779785156, 25.942243576049805, 56.75385284423828, 89.14033508300781, 78.71467590332031, 113.60017395019531, 45.79301071166992], [72.83543395996094, 49.57822036743164, 69.58448028564453, 15.524174690246582, 133.13526916503906, 203.22647094726562, 178.2722625732422, 117.9237060546875, 59.9416389465332, 0.0, 86.33075714111328, 16.492422103881836, 117.27318572998047, 58.694122314453125, 85.8836441040039, 91.7060546875, 93.34345245361328, 132.38201904296875, 169.71151733398438, 102.068603515625], [38.41874694824219, 115.43396759033203, 38.27531814575195, 78.91767883300781, 60.74536895751953, 148.78843688964844, 202.3116455078125, 32.4499626159668, 29.017236709594727, 86.33075714111328, 0.0, 72.91776275634766, 39.824615478515625, 64.88451385498047, 14.317821502685547, 70.60453033447266, 111.60645294189453, 71.34423828125, 99.92497253417969, 40.31128692626953], [65.73431396484375, 63.89052963256836, 53.23532485961914, 22.472204208374023, 117.01708984375, 199.0100555419922, 188.3109130859375, 105.11898040771484, 48.91830062866211, 16.492422103881836, 72.91776275634766, 0.0, 101.71037292480469, 58.4208869934082, 74.40430450439453, 89.9888916015625, 99.92497253417969, 125.43125915527344, 161.72198486328125, 93.60555267333984], [77.93586730957031, 152.77761840820312, 50.9215087890625, 113.21660614013672, 21.260292053222656, 166.43316650390625, 241.0145263671875, 37.85498809814453, 67.05221557617188, 117.27318572998047, 39.824615478515625, 101.71037292480469, 0.0, 104.65180206298828, 52.009613037109375, 108.2081298828125, 151.16217041015625, 94.25497436523438, 111.07205200195312, 71.28113555908203], [29.154760360717773, 58.52349853515625, 78.00640869140625, 43.382022857666016, 125.29964447021484, 145.34097290039062, 142.43594360351562, 86.46965026855469, 39.69886779785156, 58.694122314453125, 64.88451385498047, 58.4208869934082, 104.65180206298828, 0.0, 54.81787872314453, 33.12099075317383, 49.81967544555664, 79.32212829589844, 117.59677124023438, 55.54277801513672], [26.4007568359375, 109.04127502441406, 49.497474670410156, 76.216796875, 73.24616241455078, 137.10215759277344, 189.09521484375, 33.37664031982422, 25.942243576049805, 85.8836441040039, 14.317821502685547, 74.40430450439453, 52.009613037109375, 54.81787872314453, 0.0, 56.7274169921875, 99.32270812988281, 59.43904495239258, 90.91754150390625, 27.018512725830078], [34.539833068847656, 85.4400405883789, 96.76776123046875, 76.47875213623047, 129.44883728027344, 112.41441345214844, 133.0601348876953, 79.64923095703125, 56.75385284423828, 91.7060546875, 70.60453033447266, 89.9888916015625, 108.2081298828125, 33.12099075317383, 56.7274169921875, 0.0, 48.05205535888672, 52.201534271240234, 89.55445098876953, 41.231056213378906], [73.23933410644531, 61.32699203491211, 127.80062866210938, 78.91767883300781, 172.28465270996094, 139.03236389160156, 92.61749267578125, 126.46343231201172, 89.14033508300781, 93.34345245361328, 111.60645294189453, 99.92497253417969, 151.16217041015625, 49.81967544555664, 99.32270812988281, 48.05205535888672, 0.0, 97.1287841796875, 131.5940704345703, 88.8875732421875], [59.81638717651367, 136.400146484375, 108.85311126708984, 118.80236053466797, 112.92475128173828, 77.66595458984375, 168.34487915039062, 56.64803695678711, 78.71467590332031, 132.38201904296875, 71.34423828125, 125.43125915527344, 94.25497436523438, 79.32212829589844, 59.43904495239258, 52.201534271240234, 97.1287841796875, 0.0, 38.27531814575195, 33.241539001464844], [96.87621307373047, 174.4706268310547, 138.15933227539062, 156.5407257080078, 125.57467651367188, 57.28001403808594, 191.84629821777344, 74.96665954589844, 113.60017395019531, 169.71151733398438, 99.92497253417969, 161.72198486328125, 111.07205200195312, 117.59677124023438, 90.91754150390625, 89.55445098876953, 131.5940704345703, 38.27531814575195, 0.0, 68.11754608154297], [29.681644439697266, 114.01753997802734, 76.41989135742188, 89.62700653076172, 92.00543212890625, 110.60289001464844, 173.10401916503906, 38.832977294921875, 45.79301071166992, 102.068603515625, 40.31128692626953, 93.60555267333984, 71.28113555908203, 55.54277801513672, 27.018512725830078, 41.231056213378906, 88.8875732421875, 33.241539001464844, 68.11754608154297, 0.0]], "coordinates": [[33, 18], [47, -67], [93, 35], [69, -30], [90, 99], [-90, 71], [-82, -99], [39, 75], [56, 19], [84, -34], [57, 48], [88, -18], [76, 83], [30, -11], [44, 42], [1, 5], [-9, -42], [-14, 55], [-35, 87], [17, 43]], "demands": [38.0, 34.0, 25.0, 29.0, 18.0, 38.0, 19.0, 29.0, 36.0, 34.0, -38.0, -34.0, -25.0, -29.0, -18.0, -38.0, -19.0, -29.0, -36.0, -34.0], "capacity": 50, "Vmax": 14}