{"name": "LZB_n10_17", "n": 10, "m": 3, "times": [[0.0, 76.843994140625, 120.0, 42.20189666748047, 139.78912353515625, 60.01666259765625, 134.40609741210938, 126.6214828491211, 88.41380310058594, 28.301942825317383, 58.18075180053711, 94.72592163085938, 94.3663101196289, 144.7549591064453, 54.488529205322266, 149.93331909179688, 62.64982223510742, 88.0738296508789, 135.95587158203125, 73.08214569091797], [76.843994140625, 0.0, 196.81716918945312, 74.84651184082031, 153.68148803710938, 133.8245086669922, 209.38958740234375, 160.85397338867188, 125.60254669189453, 105.11898040771484, 35.693138122558594, 167.86900329589844, 136.066162109375, 158.29403686523438, 24.041629791259766, 181.22085571289062, 18.973665237426758, 151.082763671875, 145.64683532714844, 134.9740753173828], [120.0, 196.81716918945312, 0.0, 138.2353057861328, 194.74342346191406, 71.34423828125, 41.773197174072266, 159.05030822753906, 140.4314727783203, 91.83136749267578, 174.65679931640625, 54.08327102661133, 135.1480712890625, 198.3380889892578, 174.2899932861328, 176.4086151123047, 181.69479370117188, 91.54779815673828, 197.3119354248047, 96.5660400390625], [42.20189666748047, 74.84651184082031, 138.2353057861328, 0.0, 179.25401306152344, 94.04785919189453, 162.11724853515625, 168.5823211669922, 130.1768035888672, 58.85575485229492, 76.2364730834961, 127.19276428222656, 136.49908447265625, 184.25254821777344, 62.28964614868164, 191.84629821777344, 55.94640350341797, 127.81236267089844, 174.48495483398438, 113.71894836425781], [139.78912353515625, 153.68148803710938, 194.74342346191406, 179.25401306152344, 0.0, 132.45753479003906, 174.5680389404297, 40.49691390991211, 57.706153869628906, 143.5688018798828, 120.43255615234375, 140.89002990722656, 60.0333251953125, 5.0, 138.4051971435547, 41.62931823730469, 158.60012817382812, 103.24727630615234, 10.049875259399414, 100.0], [60.01666259765625, 133.8245086669922, 71.34423828125, 94.04785919189453, 132.45753479003906, 0.0, 75.58438873291016, 103.4069595336914, 75.02666473388672, 35.22782897949219, 106.8316421508789, 34.71310806274414, 73.16419982910156, 136.71868896484375, 110.0227279663086, 125.00399780273438, 121.7579574584961, 40.360870361328125, 133.00375366210938, 33.83784866333008], [134.40609741210938, 209.38958740234375, 41.773197174072266, 162.11724853515625, 174.5680389404297, 75.58438873291016, 0.0, 135.59498596191406, 126.57013702392578, 107.00466918945312, 181.7965850830078, 42.8018684387207, 118.53269958496094, 177.41758728027344, 185.60711669921875, 149.21461486816406, 196.8654327392578, 75.1664810180664, 179.01116943359375, 86.45230102539062], [126.6214828491211, 160.85397338867188, 159.05030822753906, 168.5823211669922, 40.49691390991211, 103.4069595336914, 135.59498596191406, 0.0, 38.60051727294922, 122.5887451171875, 125.28367614746094, 105.0047607421875, 32.80244064331055, 42.48529052734375, 141.15240478515625, 23.34523582458496, 161.00311279296875, 68.26419067382812, 47.423622131347656, 69.57010650634766], [88.41380310058594, 125.60254669189453, 140.4314727783203, 130.1768035888672, 57.706153869628906, 75.02666473388672, 126.57013702392578, 38.60051727294922, 0.0, 87.23531341552734, 89.94442749023438, 88.0227279663086, 11.401754379272461, 62.169124603271484, 104.54663848876953, 61.717098236083984, 123.96773529052734, 51.4781494140625, 58.00862121582031, 43.931766510009766], [28.301942825317383, 105.11898040771484, 91.83136749267578, 58.85575485229492, 143.5688018798828, 35.22782897949219, 107.00466918945312, 122.5887451171875, 87.23531341552734, 0.0, 84.0238037109375, 69.065185546875, 89.8888168334961, 148.3273468017578, 82.46211242675781, 145.6605682373047, 90.78546142578125, 70.71067810058594, 141.65098571777344, 58.41232681274414], [58.18075180053711, 35.693138122558594, 174.65679931640625, 76.2364730834961, 120.43255615234375, 106.8316421508789, 181.7965850830078, 125.28367614746094, 89.94442749023438, 84.0238037109375, 0.0, 139.2910614013672, 100.4987564086914, 125.20782470703125, 18.439088821411133, 145.9623260498047, 38.28837966918945, 118.40608215332031, 113.0707778930664, 102.48902130126953], [94.72592163085938, 167.86900329589844, 54.08327102661133, 127.19276428222656, 140.89002990722656, 34.71310806274414, 42.8018684387207, 105.0047607421875, 88.0227279663086, 69.065185546875, 139.2910614013672, 0.0, 81.74349975585938, 144.39183044433594, 143.923583984375, 122.91867065429688, 156.3201904296875, 37.656341552734375, 143.8367156982422, 45.27692413330078], [94.3663101196289, 136.066162109375, 135.1480712890625, 136.49908447265625, 60.0333251953125, 73.16419982910156, 118.53269958496094, 32.80244064331055, 11.401754379272461, 89.8888168334961, 100.4987564086914, 81.74349975585938, 0.0, 64.0078125, 114.54257202148438, 56.080299377441406, 133.66375732421875, 44.271888732910156, 62.169124603271484, 40.04996871948242], [144.7549591064453, 158.29403686523438, 198.3380889892578, 184.25254821777344, 5.0, 136.71868896484375, 177.41758728027344, 42.48529052734375, 62.169124603271484, 148.3273468017578, 125.20782470703125, 144.39183044433594, 64.0078125, 0.0, 143.22360229492188, 40.8166618347168, 163.40440368652344, 106.79419708251953, 13.34166431427002, 104.04325866699219], [54.488529205322266, 24.041629791259766, 174.2899932861328, 62.28964614868164, 138.4051971435547, 110.0227279663086, 185.60711669921875, 141.15240478515625, 104.54663848876953, 82.46211242675781, 18.439088821411133, 143.923583984375, 114.54257202148438, 143.22360229492188, 0.0, 162.459228515625, 20.248456954956055, 127.27922058105469, 131.24404907226562, 111.15754699707031], [149.93331909179688, 181.22085571289062, 176.4086151123047, 191.84629821777344, 41.62931823730469, 125.00399780273438, 149.21461486816406, 23.34523582458496, 61.717098236083984, 145.6605682373047, 145.9623260498047, 122.91867065429688, 56.080299377441406, 40.8166618347168, 162.459228515625, 0.0, 182.50753784179688, 87.80091094970703, 51.26402282714844, 91.28527069091797], [62.64982223510742, 18.973665237426758, 181.69479370117188, 55.94640350341797, 158.60012817382812, 121.7579574584961, 196.8654327392578, 161.00311279296875, 123.96773529052734, 90.78546142578125, 38.28837966918945, 156.3201904296875, 133.66375732421875, 163.40440368652344, 20.248456954956055, 182.50753784179688, 0.0, 143.1712188720703, 151.34397888183594, 127.098388671875], [88.0738296508789, 151.082763671875, 91.54779815673828, 127.81236267089844, 103.24727630615234, 40.360870361328125, 75.1664810180664, 68.26419067382812, 51.4781494140625, 70.71067810058594, 118.40608215332031, 37.656341552734375, 44.271888732910156, 106.79419708251953, 127.27922058105469, 87.80091094970703, 143.1712188720703, 0.0, 106.23088073730469, 16.124515533447266], [135.95587158203125, 145.64683532714844, 197.3119354248047, 174.48495483398438, 10.049875259399414, 133.00375366210938, 179.01116943359375, 47.423622131347656, 58.00862121582031, 141.65098571777344, 113.0707778930664, 143.8367156982422, 62.169124603271484, 13.34166431427002, 131.24404907226562, 51.26402282714844, 151.34397888183594, 106.23088073730469, 0.0, 101.49384307861328], [73.08214569091797, 134.9740753173828, 96.5660400390625, 113.71894836425781, 100.0, 33.83784866333008, 86.45230102539062, 69.57010650634766, 43.931766510009766, 58.41232681274414, 102.48902130126953, 45.27692413330078, 40.04996871948242, 104.04325866699219, 111.15754699707031, 91.28527069091797, 127.098388671875, 16.124515533447266, 101.49384307861328, 0.0]], "coordinates": [[-29, -25], [-92, 19], [67, -97], [-63, -50], [41, 96], [30, -36], [98, -69], [63, 62], [32, 39], [-5, -40], [-57, 26], [64, -43], [43, 36], [44, 100], [-69, 12], [79, 79], [-86, 1], [57, -6], [31, 97], [41, -4]], "demands": [6.0, 21.0, 38.0, 7.0, 23.0, 23.0, 36.0, 7.0, 19.0, 15.0, -6.0, -21.0, -38.0, -7.0, -23.0, -23.0, -36.0, -7.0, -19.0, -15.0], "capacity": 50, "Vmax": 14}