{"name": "LZB_n10_19", "n": 10, "m": 3, "times": [[0.0, 144.06248474121094, 108.70602416992188, 137.277099609375, 23.600847244262695, 79.47956085205078, 188.2896728515625, 74.70609283447266, 22.022714614868164, 141.400146484375, 66.0984115600586, 161.69725036621094, 161.4465789794922, 42.57933807373047, 191.76026916503906, 100.30453491210938, 153.2644805908203, 181.73057556152344, 165.1302490234375, 153.01307678222656], [144.06248474121094, 0.0, 149.18780517578125, 42.20189666748047, 120.5694808959961, 114.9652099609375, 116.21101379394531, 88.45903015136719, 138.4088134765625, 160.31219482421875, 104.56098937988281, 164.4384307861328, 21.095022201538086, 105.75916290283203, 142.6954803466797, 190.53871154785156, 193.4941864013672, 58.13776779174805, 58.051700592041016, 82.63776397705078], [108.70602416992188, 149.18780517578125, 0.0, 114.06138610839844, 105.42295837402344, 41.231056213378906, 113.21660614013672, 143.6175537109375, 86.68333435058594, 33.12099075317383, 60.083274841308594, 54.7813835144043, 154.15576171875, 86.83317565917969, 101.11874389648438, 55.009090423583984, 50.28916549682617, 149.013427734375, 127.6126937866211, 96.17691802978516], [137.277099609375, 42.20189666748047, 114.06138610839844, 0.0, 115.7410888671875, 86.31338500976562, 77.79460144042969, 103.09219360351562, 125.5388412475586, 120.6689682006836, 82.09750366210938, 123.0162582397461, 40.52159881591797, 94.9210205078125, 101.71037292480469, 161.20794677734375, 154.78048706054688, 44.59820556640625, 29.068883895874023, 41.18252182006836], [23.600847244262695, 120.5694808959961, 105.42295837402344, 115.7410888671875, 0.0, 69.81404113769531, 171.81385803222656, 54.4058837890625, 28.07133674621582, 136.51739501953125, 52.839378356933594, 155.1289825439453, 138.22445678710938, 24.041629791259766, 178.46287536621094, 109.17874908447266, 153.4959259033203, 159.87808227539062, 144.12841796875, 134.95184326171875], [79.47956085205078, 114.9652099609375, 41.231056213378906, 86.31338500976562, 69.81404113769531, 0.0, 113.21660614013672, 102.69371795654297, 58.94064712524414, 68.24221801757812, 19.235383987426758, 85.5628433227539, 123.70933532714844, 48.166378021240234, 112.80514526367188, 75.80237579345703, 91.48223876953125, 127.6126937866211, 107.07473754882812, 83.48652648925781], [188.2896728515625, 116.21101379394531, 113.21660614013672, 77.79460144042969, 171.81385803222656, 113.21660614013672, 0.0, 175.635986328125, 170.18812561035156, 97.18538665771484, 122.40914916992188, 84.81155395507812, 104.27847290039062, 147.87156677246094, 32.140316009521484, 168.19036865234375, 129.49517822265625, 72.00694274902344, 59.50630187988281, 39.4461669921875], [74.70609283447266, 88.45903015136719, 143.6175537109375, 103.09219360351562, 54.4058837890625, 102.69371795654297, 175.635986328125, 0.0, 82.0, 169.95587158203125, 83.57032775878906, 184.4586639404297, 109.22454071044922, 59.41380310058594, 191.31387329101562, 160.0, 193.86851501464844, 141.0283660888672, 131.47242736816406, 136.1910400390625], [22.022714614868164, 138.4088134765625, 86.68333435058594, 125.5388412475586, 28.07133674621582, 58.94064712524414, 170.18812561035156, 82.0, 0.0, 119.40267944335938, 48.041648864746094, 139.81773376464844, 153.94154357910156, 32.649654388427734, 171.72361755371094, 82.0, 131.65484619140625, 170.09703063964844, 152.1216583251953, 136.52838134765625], [141.400146484375, 160.31219482421875, 33.12099075317383, 120.6689682006836, 136.51739501953125, 68.24221801757812, 97.18538665771484, 169.95587158203125, 119.40267944335938, 0.0, 87.3670425415039, 22.360679626464844, 161.01242065429688, 116.21101379394531, 77.47257232666016, 78.51751708984375, 34.928497314453125, 147.64822387695312, 126.84636688232422, 92.13577270507812], [66.0984115600586, 104.56098937988281, 60.083274841308594, 82.09750366210938, 52.839378356933594, 19.235383987426758, 122.40914916992188, 83.57032775878906, 48.041648864746094, 87.3670425415039, 0.0, 104.06248474121094, 116.04309844970703, 29.832868576049805, 126.19429779052734, 87.31552124023438, 110.36756896972656, 125.78155517578125, 106.51290893554688, 88.56636047363281], [161.69725036621094, 164.4384307861328, 54.7813835144043, 123.0162582397461, 155.1289825439453, 85.5628433227539, 84.81155395507812, 184.4586639404297, 139.81773376464844, 22.360679626464844, 104.06248474121094, 0.0, 162.2498016357422, 133.66001892089844, 60.216278076171875, 100.12492370605469, 45.607017517089844, 143.68020629882812, 123.9758071899414, 88.84255981445312], [161.4465789794922, 21.095022201538086, 154.15576171875, 40.52159881591797, 138.22445678710938, 123.70933532714844, 104.27847290039062, 109.22454071044922, 153.94154357910156, 161.01242065429688, 116.04309844970703, 162.2498016357422, 0.0, 121.49073791503906, 133.15028381347656, 199.42416381835938, 195.25624084472656, 39.20458984375, 44.777225494384766, 75.53807067871094], [42.57933807373047, 105.75916290283203, 86.83317565917969, 94.9210205078125, 24.041629791259766, 48.166378021240234, 147.87156677246094, 59.41380310058594, 32.649654388427734, 116.21101379394531, 29.832868576049805, 133.66001892089844, 121.49073791503906, 0.0, 154.5477294921875, 101.2422866821289, 136.4734344482422, 139.47401428222656, 122.57650756835938, 111.36426544189453], [191.76026916503906, 142.6954803466797, 101.11874389648438, 101.71037292480469, 178.46287536621094, 112.80514526367188, 32.140316009521484, 191.31387329101562, 171.72361755371094, 77.47257232666016, 126.19429779052734, 60.216278076171875, 133.15028381347656, 154.5477294921875, 0.0, 154.27572631835938, 105.80170440673828, 103.3924560546875, 88.76936340332031, 60.539241790771484], [100.30453491210938, 190.53871154785156, 55.009090423583984, 161.20794677734375, 109.17874908447266, 75.80237579345703, 168.19036865234375, 160.0, 82.0, 78.51751708984375, 87.31552124023438, 100.12492370605469, 199.42416381835938, 101.2422866821289, 154.27572631835938, 0.0, 68.00735473632812, 200.12246704101562, 178.8994140625, 149.62620544433594], [153.2644805908203, 193.4941864013672, 50.28916549682617, 154.78048706054688, 153.4959259033203, 91.48223876953125, 129.49517822265625, 193.86851501464844, 131.65484619140625, 34.928497314453125, 110.36756896972656, 45.607017517089844, 195.25624084472656, 136.4734344482422, 105.80170440673828, 68.00735473632812, 0.0, 182.57054138183594, 161.7714385986328, 127.04723358154297], [181.73057556152344, 58.13776779174805, 149.013427734375, 44.59820556640625, 159.87808227539062, 127.6126937866211, 72.00694274902344, 141.0283660888672, 170.09703063964844, 147.64822387695312, 125.78155517578125, 143.68020629882812, 39.20458984375, 139.47401428222656, 103.3924560546875, 200.12246704101562, 182.57054138183594, 0.0, 21.40093421936035, 55.54277801513672], [165.1302490234375, 58.051700592041016, 127.6126937866211, 29.068883895874023, 144.12841796875, 107.07473754882812, 59.50630187988281, 131.47242736816406, 152.1216583251953, 126.84636688232422, 106.51290893554688, 123.9758071899414, 44.777225494384766, 122.57650756835938, 88.76936340332031, 178.8994140625, 161.7714385986328, 21.40093421936035, 0.0, 35.1710090637207], [153.01307678222656, 82.63776397705078, 96.17691802978516, 41.18252182006836, 134.95184326171875, 83.48652648925781, 39.4461669921875, 136.1910400390625, 136.52838134765625, 92.13577270507812, 88.56636047363281, 88.84255981445312, 75.53807067871094, 111.36426544189453, 60.539241790771484, 149.62620544433594, 127.04723358154297, 55.54277801513672, 35.1710090637207, 0.0]], "coordinates": [[-19, 99], [-94, -24], [50, 15], [-53, -34], [-33, 80], [10, 25], [3, -88], [-85, 64], [-5, 82], [66, -14], [-7, 34], [70, -36], [-92, -45], [-26, 57], [35, -85], [75, 64], [98, 0], [-68, -76], [-51, -63], [-17, -54]], "demands": [40.0, 32.0, 7.0, 22.0, 16.0, 37.0, 1.0, 24.0, 12.0, 32.0, -40.0, -32.0, -7.0, -22.0, -16.0, -37.0, -1.0, -24.0, -12.0, -32.0], "capacity": 50, "Vmax": 14}