{"name": "LZB_n10_18", "n": 10, "m": 3, "times": [[0.0, 181.7965850830078, 51.788028717041016, 143.25152587890625, 124.90796661376953, 142.2427520751953, 47.26520919799805, 164.6147003173828, 61.00819778442383, 46.097721099853516, 91.23595428466797, 50.9215087890625, 155.08062744140625, 74.02702331542969, 118.00423431396484, 39.458839416503906, 106.7052001953125, 65.45991516113281, 31.064449310302734, 165.30274963378906], [181.7965850830078, 0.0, 184.9540557861328, 204.7071075439453, 174.0, 196.43064880371094, 187.2751922607422, 43.863426208496094, 121.06196594238281, 188.8200225830078, 114.2365951538086, 176.4114532470703, 52.345008850097656, 108.67382049560547, 65.52098846435547, 142.4254150390625, 76.02631378173828, 138.0036163330078, 179.54664611816406, 17.464248657226562], [51.788028717041016, 184.9540557861328, 0.0, 92.30926513671875, 77.89736938476562, 92.1791763305664, 5.656854152679443, 156.52476501464844, 73.53910827636719, 7.8102498054504395, 73.82411193847656, 8.5440034866333, 172.42970275878906, 81.4002456665039, 119.92080688476562, 64.41273498535156, 118.81077575683594, 47.12748718261719, 82.2982406616211, 167.5022430419922], [143.25152587890625, 204.7071075439453, 92.30926513671875, 0.0, 31.38471031188965, 8.9442720413208, 97.57561492919922, 163.3799285888672, 137.93113708496094, 99.31767272949219, 102.88343048095703, 92.34716796875, 215.5945281982422, 137.10215759277344, 153.47312927246094, 142.126708984375, 166.20770263671875, 99.40824890136719, 172.4470977783203, 188.9867706298828], [124.90796661376953, 174.0, 77.89736938476562, 31.38471031188965, 0.0, 24.351591110229492, 83.54639434814453, 133.41664123535156, 110.0, 85.6329345703125, 72.12489318847656, 75.21302795410156, 184.26068115234375, 107.78682708740234, 122.1187973022461, 117.08544158935547, 135.3513946533203, 72.3394775390625, 151.92431640625, 158.0411376953125], [142.2427520751953, 196.43064880371094, 92.1791763305664, 8.9442720413208, 24.351591110229492, 0.0, 97.6166000366211, 154.85800170898438, 133.24038696289062, 99.4786376953125, 96.4624252319336, 91.38927459716797, 208.40585327148438, 131.6852264404297, 146.23953247070312, 138.7083282470703, 159.70285034179688, 95.00526428222656, 170.79226684570312, 180.85353088378906], [47.26520919799805, 187.2751922607422, 5.656854152679443, 97.57561492919922, 83.54639434814453, 97.6166000366211, 0.0, 159.81239318847656, 73.75635528564453, 2.2360680103302, 77.3175277709961, 12.041594505310059, 173.2166290283203, 82.37718200683594, 122.00409698486328, 62.96824645996094, 119.8165283203125, 50.0099983215332, 78.05767059326172, 169.8499298095703], [164.6147003173828, 43.863426208496094, 156.52476501464844, 163.3799285888672, 133.41664123535156, 154.85800170898438, 159.81239318847656, 0.0, 104.78549194335938, 161.64466857910156, 82.76472473144531, 148.1249542236328, 80.04998779296875, 91.4439697265625, 50.08992004394531, 127.34598541259766, 71.61005401611328, 109.8954086303711, 169.81460571289062, 33.060550689697266], [61.00819778442383, 121.06196594238281, 73.53910827636719, 137.93113708496094, 110.0, 133.24038696289062, 73.75635528564453, 104.78549194335938, 0.0, 74.65252685546875, 46.06517028808594, 65.85590362548828, 99.85990142822266, 13.34166431427002, 57.03507614135742, 22.56102752685547, 47.53945541381836, 38.63935852050781, 66.18912506103516, 104.3886947631836], [46.097721099853516, 188.8200225830078, 7.8102498054504395, 99.31767272949219, 85.6329345703125, 99.4786376953125, 2.2360680103302, 161.64466857910156, 74.65252685546875, 0.0, 79.22752380371094, 14.142135620117188, 174.25555419921875, 83.52843475341797, 123.49089050292969, 63.24555206298828, 120.95040130615234, 51.788028717041016, 77.0064926147461, 171.40594482421875], [91.23595428466797, 114.2365951538086, 73.82411193847656, 102.88343048095703, 72.12489318847656, 96.4624252319336, 77.3175277709961, 82.76472473144531, 46.06517028808594, 79.22752380371094, 0.0, 65.4904556274414, 113.99122619628906, 38.832977294921875, 53.075416564941406, 62.96824645996094, 63.324562072753906, 28.160255432128906, 106.96260833740234, 96.8968505859375], [50.9215087890625, 176.4114532470703, 8.5440034866333, 92.34716796875, 75.21302795410156, 91.38927459716797, 12.041594505310059, 148.1249542236328, 65.85590362548828, 14.142135620117188, 65.4904556274414, 0.0, 164.29547119140625, 73.24616241455078, 111.40017700195312, 58.30952072143555, 110.60289001464844, 38.60051727294922, 80.41144561767578, 158.95912170410156], [155.08062744140625, 52.345008850097656, 172.42970275878906, 215.5945281982422, 184.26068115234375, 208.40585327148438, 173.2166290283203, 80.04998779296875, 99.85990142822266, 174.25555419921875, 113.99122619628906, 164.29547119140625, 0.0, 91.0494384765625, 62.169124603271484, 116.7775650024414, 53.81449508666992, 129.4024658203125, 145.0, 49.24428939819336], [74.02702331542969, 108.67382049560547, 81.4002456665039, 137.10215759277344, 107.78682708740234, 131.6852264404297, 82.37718200683594, 91.4439697265625, 13.34166431427002, 83.52843475341797, 38.832977294921875, 73.24616241455078, 91.0494384765625, 0.0, 44.0113639831543, 35.902645111083984, 37.44329071044922, 40.31128692626953, 79.2022705078125, 91.78779602050781], [118.00423431396484, 65.52098846435547, 119.92080688476562, 153.47312927246094, 122.1187973022461, 146.23953247070312, 122.00409698486328, 50.08992004394531, 57.03507614135742, 123.49089050292969, 53.075416564941406, 111.40017700195312, 62.169124603271484, 44.0113639831543, 0.0, 79.30951690673828, 23.853721618652344, 73.43023681640625, 120.33287048339844, 48.27007293701172], [39.458839416503906, 142.4254150390625, 64.41273498535156, 142.126708984375, 117.08544158935547, 138.7083282470703, 62.96824645996094, 127.34598541259766, 22.56102752685547, 63.24555206298828, 62.96824645996094, 58.30952072143555, 116.7775650024414, 35.902645111083984, 79.30951690673828, 0.0, 67.26811981201172, 45.54119110107422, 44.65422821044922, 126.0634765625], [106.7052001953125, 76.02631378173828, 118.81077575683594, 166.20770263671875, 135.3513946533203, 159.70285034179688, 119.8165283203125, 71.61005401611328, 47.53945541381836, 120.95040130615234, 63.324562072753906, 110.60289001464844, 53.81449508666992, 37.44329071044922, 23.853721618652344, 67.26811981201172, 0.0, 75.74298858642578, 103.69667053222656, 60.67124557495117], [65.45991516113281, 138.0036163330078, 47.12748718261719, 99.40824890136719, 72.3394775390625, 95.00526428222656, 50.0099983215332, 109.8954086303711, 38.63935852050781, 51.788028717041016, 28.160255432128906, 38.60051727294922, 129.4024658203125, 40.31128692626953, 73.43023681640625, 45.54119110107422, 75.74298858642578, 0.0, 85.6037368774414, 120.54045104980469], [31.064449310302734, 179.54664611816406, 82.2982406616211, 172.4470977783203, 151.92431640625, 170.79226684570312, 78.05767059326172, 169.81460571289062, 66.18912506103516, 77.0064926147461, 106.96260833740234, 80.41144561767578, 145.0, 79.2022705078125, 120.33287048339844, 44.65422821044922, 103.69667053222656, 85.6037368774414, 0.0, 164.34719848632812], [165.30274963378906, 17.464248657226562, 167.5022430419922, 188.9867706298828, 158.0411376953125, 180.85353088378906, 169.8499298095703, 33.060550689697266, 104.3886947631836, 171.40594482421875, 96.8968505859375, 158.95912170410156, 49.24428939819336, 91.78779602050781, 48.27007293701172, 126.0634765625, 60.67124557495117, 120.54045104980469, 164.34719848632812, 0.0]], "coordinates": [[37, 92], [54, -89], [-14, 83], [-99, 47], [-72, 31], [-95, 39], [-10, 87], [14, -71], [38, 31], [-9, 89], [-3, 10], [-11, 75], [92, -53], [35, 18], [36, -26], [43, 53], [56, -13], [0, 38], [68, 90], [47, -73]], "demands": [1.0, 36.0, 12.0, 28.0, 40.0, 10.0, 14.0, 3.0, 35.0, 9.0, -1.0, -36.0, -12.0, -28.0, -40.0, -10.0, -14.0, -3.0, -35.0, -9.0], "capacity": 50, "Vmax": 14}