{"name": "LZB_n20_15", "n": 20, "m": 3, "times": [[0.0, 77.0625, 69.1875, 28.171875, 57.59375, 62.25, 74.625, 86.4375, 27.3125, 103.4375, 70.8125, 56.09375, 92.3125, 57.09375, 75.8125, 46.96875, 105.5, 39.625, 106.5, 42.0, 66.375], [77.0625, 0.0, 146.0, 67.6875, 112.5, 134.0, 70.5, 79.625, 102.3125, 149.375, 15.265625, 61.625, 39.8125, 96.5, 8.25, 107.8125, 89.75, 116.0625, 94.9375, 113.75, 44.09375], [69.1875, 146.0, 0.0, 84.375, 76.6875, 30.015625, 123.5, 132.125, 44.40625, 109.125, 138.5, 115.4375, 159.375, 84.0, 144.125, 67.1875, 150.375, 30.0625, 148.625, 47.5, 126.9375], [28.171875, 67.6875, 84.375, 0.0, 85.625, 67.25, 46.625, 58.3125, 40.5, 131.375, 56.71875, 71.8125, 94.375, 35.78125, 63.5625, 75.125, 77.375, 55.03125, 78.3125, 68.6875, 42.71875], [57.59375, 112.5, 76.6875, 85.625, 0.0, 91.5625, 131.5, 143.5, 65.1875, 45.875, 113.25, 57.0625, 106.5625, 112.3125, 115.125, 12.0390625, 162.375, 63.875, 163.75, 30.875, 119.0], [62.25, 134.0, 30.015625, 67.25, 91.5625, 0.0, 99.3125, 106.5, 35.21875, 130.75, 123.9375, 116.5, 154.25, 57.25, 130.5, 80.125, 123.9375, 28.296875, 121.5625, 60.75, 107.375], [74.625, 70.5, 123.5, 46.625, 131.5, 99.3125, 0.0, 12.3671875, 83.25, 176.75, 55.21875, 106.0625, 108.75, 43.40625, 62.6875, 121.4375, 30.890625, 96.8125, 32.5625, 115.125, 26.421875], [86.4375, 79.625, 132.125, 58.3125, 143.5, 106.5, 12.3671875, 0.0, 93.375, 189.0, 64.5, 118.1875, 118.6875, 49.40625, 71.5625, 133.375, 19.203125, 106.5, 20.25, 126.375, 36.40625], [27.3125, 102.3125, 44.40625, 40.5, 65.1875, 35.21875, 83.25, 93.375, 0.0, 109.3125, 94.125, 81.4375, 119.625, 51.0, 100.0, 53.15625, 112.4375, 14.5625, 111.875, 37.84375, 83.1875], [103.4375, 149.375, 109.125, 131.375, 45.875, 130.75, 176.75, 189.0, 109.3125, 0.0, 153.0, 88.25, 133.25, 157.875, 153.5, 57.28125, 207.625, 105.1875, 209.125, 72.0, 162.625], [70.8125, 15.265625, 138.5, 56.71875, 113.25, 123.9375, 55.21875, 64.5, 94.125, 153.0, 0.0, 67.625, 54.40625, 82.875, 7.80859375, 107.0625, 75.3125, 108.375, 80.25, 110.3125, 28.84375], [56.09375, 61.625, 115.4375, 71.8125, 57.0625, 116.5, 106.0625, 118.1875, 81.4375, 88.25, 67.625, 0.0, 49.5, 107.3125, 66.625, 57.0, 134.375, 90.125, 137.75, 71.0625, 84.75], [92.3125, 39.8125, 159.375, 94.375, 106.5625, 154.25, 108.75, 118.6875, 119.625, 133.25, 54.40625, 49.5, 0.0, 128.0, 48.0625, 106.1875, 129.5, 131.25, 134.625, 118.4375, 82.4375], [57.09375, 96.5, 84.0, 35.78125, 112.3125, 57.25, 43.40625, 49.40625, 51.0, 157.875, 82.875, 107.3125, 128.0, 0.0, 90.5625, 100.625, 66.75, 61.625, 64.625, 88.25, 58.53125], [75.8125, 8.25, 144.125, 63.5625, 115.125, 130.5, 62.6875, 71.5625, 100.0, 153.5, 7.80859375, 66.625, 48.0625, 90.5625, 0.0, 109.6875, 81.5, 114.0625, 86.6875, 114.1875, 36.40625], [46.96875, 107.8125, 67.1875, 75.125, 12.0390625, 80.125, 121.4375, 133.375, 53.15625, 57.28125, 107.0625, 57.0, 106.1875, 100.625, 109.6875, 0.0, 152.375, 52.1875, 153.375, 20.0, 110.4375], [105.5, 89.75, 150.375, 77.375, 162.375, 123.9375, 30.890625, 19.203125, 112.4375, 207.625, 75.3125, 134.375, 129.5, 66.75, 81.5, 152.375, 0.0, 125.375, 6.40234375, 145.625, 50.03125], [39.625, 116.0625, 30.0625, 55.03125, 63.875, 28.296875, 96.8125, 106.5, 14.5625, 105.1875, 108.375, 90.125, 131.25, 61.625, 114.0625, 52.1875, 125.375, 0.0, 124.4375, 33.53125, 97.75], [106.5, 94.9375, 148.625, 78.3125, 163.75, 121.5625, 32.5625, 20.25, 111.875, 209.125, 80.25, 137.75, 134.625, 64.625, 86.6875, 153.375, 6.40234375, 124.4375, 0.0, 145.875, 54.09375], [42.0, 113.75, 47.5, 68.6875, 30.875, 60.75, 115.125, 126.375, 37.84375, 72.0, 110.3125, 71.0625, 118.4375, 88.25, 114.1875, 20.0, 145.625, 33.53125, 145.875, 0.0, 108.4375], [66.375, 44.09375, 126.9375, 42.71875, 119.0, 107.375, 26.421875, 36.40625, 83.1875, 162.625, 28.84375, 84.75, 82.4375, 58.53125, 36.40625, 110.4375, 50.03125, 97.75, 54.09375, 108.4375, 0.0]], "angleGap": [[0.0, 3.029296875, 1.0517578125, 1.96484375, 2.58203125, 0.9658203125, 1.0107421875, 2.6875, 1.9345703125, 0.18896484375, 0.91259765625, 0.439453125, 1.583984375, 0.106689453125, 2.07421875, 0.9833984375, 2.92578125, 1.04296875, 2.513671875, 0.607421875], [3.029296875, 0.0, 1.9775390625, 1.291015625, 0.447265625, 2.0625, 2.01953125, 0.341796875, 1.318359375, 2.83984375, 2.341796875, 2.814453125, 1.4453125, 2.921875, 1.181640625, 2.046875, 0.103515625, 1.986328125, 0.740234375, 2.421875], [1.0517578125, 1.9775390625, 0.0, 3.015625, 1.5302734375, 0.0859375, 0.041015625, 1.6357421875, 2.986328125, 0.86279296875, 1.96484375, 1.4912109375, 0.5322265625, 0.9453125, 3.125, 0.068359375, 1.8740234375, 0.0087890625, 2.716796875, 0.4443359375], [1.96484375, 1.291015625, 3.015625, 0.0, 1.736328125, 2.9296875, 2.9765625, 1.630859375, 0.0302734375, 2.154296875, 1.052734375, 1.525390625, 2.734375, 2.072265625, 0.109375, 2.94921875, 1.392578125, 3.0078125, 0.548828125, 2.572265625], [2.58203125, 0.447265625, 1.5302734375, 1.736328125, 0.0, 1.6162109375, 1.5712890625, 0.10546875, 1.767578125, 2.392578125, 2.7890625, 3.021484375, 0.998046875, 2.474609375, 1.626953125, 1.5986328125, 0.34375, 1.5390625, 1.189453125, 1.974609375], [0.9658203125, 2.0625, 0.0859375, 2.9296875, 1.6162109375, 0.0, 0.044921875, 1.7216796875, 2.900390625, 0.77685546875, 1.87890625, 1.4052734375, 0.6181640625, 0.859375, 3.0390625, 0.017578125, 1.9599609375, 0.0771484375, 2.802734375, 0.3583984375], [1.0107421875, 2.01953125, 0.041015625, 2.9765625, 1.5712890625, 0.044921875, 0.0, 1.6767578125, 2.9453125, 0.82177734375, 1.923828125, 1.4501953125, 0.5732421875, 0.904296875, 3.0859375, 0.02734375, 1.9150390625, 0.0322265625, 2.759765625, 0.4033203125], [2.6875, 0.341796875, 1.6357421875, 1.630859375, 0.10546875, 1.7216796875, 1.6767578125, 0.0, 1.662109375, 2.498046875, 2.68359375, 3.126953125, 1.103515625, 2.580078125, 1.521484375, 1.7041015625, 0.23828125, 1.64453125, 1.080078125, 2.080078125], [1.9345703125, 1.318359375, 2.986328125, 0.0302734375, 1.767578125, 2.900390625, 2.9453125, 1.662109375, 0.0, 2.123046875, 1.021484375, 1.4951171875, 2.763671875, 2.041015625, 0.1396484375, 2.91796875, 1.423828125, 2.9765625, 0.5791015625, 2.54296875], [0.18896484375, 2.83984375, 0.86279296875, 2.154296875, 2.392578125, 0.77685546875, 0.82177734375, 2.498046875, 2.123046875, 0.0, 1.1015625, 0.62841796875, 1.3955078125, 0.082275390625, 2.263671875, 0.79443359375, 2.736328125, 0.85400390625, 2.703125, 0.41845703125], [0.91259765625, 2.341796875, 1.96484375, 1.052734375, 2.7890625, 1.87890625, 1.923828125, 2.68359375, 1.021484375, 1.1015625, 0.0, 0.472900390625, 2.49609375, 1.01953125, 1.162109375, 1.896484375, 2.4453125, 1.955078125, 1.6015625, 1.51953125], [0.439453125, 2.814453125, 1.4912109375, 1.525390625, 3.021484375, 1.4052734375, 1.4501953125, 3.126953125, 1.4951171875, 0.62841796875, 0.472900390625, 0.0, 2.0234375, 0.54638671875, 1.634765625, 1.4228515625, 2.91796875, 1.482421875, 2.07421875, 1.046875], [1.583984375, 1.4453125, 0.5322265625, 2.734375, 0.998046875, 0.6181640625, 0.5732421875, 1.103515625, 2.763671875, 1.3955078125, 2.49609375, 2.0234375, 0.0, 1.4775390625, 2.625, 0.6005859375, 1.341796875, 0.541015625, 2.185546875, 0.9765625], [0.106689453125, 2.921875, 0.9453125, 2.072265625, 2.474609375, 0.859375, 0.904296875, 2.580078125, 2.041015625, 0.082275390625, 1.01953125, 0.54638671875, 1.4775390625, 0.0, 2.181640625, 0.876953125, 2.818359375, 0.9365234375, 2.62109375, 0.5009765625], [2.07421875, 1.181640625, 3.125, 0.109375, 1.626953125, 3.0390625, 3.0859375, 1.521484375, 0.1396484375, 2.263671875, 1.162109375, 1.634765625, 2.625, 2.181640625, 0.0, 3.05859375, 1.283203125, 3.1171875, 0.439453125, 2.681640625], [0.9833984375, 2.046875, 0.068359375, 2.94921875, 1.5986328125, 0.017578125, 0.02734375, 1.7041015625, 2.91796875, 0.79443359375, 1.896484375, 1.4228515625, 0.6005859375, 0.876953125, 3.05859375, 0.0, 1.9423828125, 0.0595703125, 2.787109375, 0.3759765625], [2.92578125, 0.103515625, 1.8740234375, 1.392578125, 0.34375, 1.9599609375, 1.9150390625, 0.23828125, 1.423828125, 2.736328125, 