{"name": "LZB_n20_14", "n": 20, "m": 3, "times": [[0.0, 99.5625, 57.71875, 90.6875, 100.4375, 100.1875, 77.25, 81.0, 75.6875, 98.625, 61.6875, 52.9375, 32.65625, 109.1875, 73.8125, 95.75, 74.5, 56.46875, 89.5625, 53.53125, 72.5625], [99.5625, 0.0, 102.75, 96.25, 77.0625, 13.9296875, 172.0, 180.5, 61.71875, 27.65625, 122.0, 72.8125, 132.125, 14.5625, 108.8125, 118.625, 135.125, 72.125, 96.5625, 63.375, 171.75], [57.71875, 102.75, 0.0, 38.59375, 59.1875, 110.75, 85.0, 108.25, 46.875, 116.5, 119.125, 30.078125, 74.75, 105.125, 16.125, 38.125, 132.25, 99.8125, 37.21875, 39.84375, 107.5625], [90.6875, 96.25, 38.59375, 0.0, 27.171875, 107.8125, 121.625, 146.625, 35.375, 117.5, 149.125, 41.96875, 112.375, 93.125, 27.796875, 23.53125, 163.0, 119.25, 1.4140625, 48.46875, 146.125], [100.4375, 77.0625, 59.1875, 27.171875, 0.0, 90.0, 144.25, 166.25, 27.015625, 101.625, 153.25, 47.53125, 127.125, 71.0, 52.9375, 50.03125, 167.625, 115.875, 28.28125, 48.84375, 163.875], [100.1875, 13.9296875, 110.75, 107.8125, 90.0, 0.0, 175.0, 180.875, 72.6875, 14.0390625, 115.3125, 80.625, 132.25, 27.015625, 118.1875, 129.5, 127.75, 65.0625, 108.0, 70.875, 171.25], [77.25, 172.0, 85.0, 121.625, 144.25, 175.0, 0.0, 34.0, 128.875, 175.125, 115.125, 106.125, 52.40625, 179.0, 94.0625, 110.1875, 121.25, 132.0, 120.25, 112.9375, 44.28125], [81.0, 180.5, 108.25, 146.625, 166.25, 180.875, 34.0, 0.0, 147.0, 178.375, 99.0, 123.0625, 48.75, 189.75, 120.125, 138.625, 101.5, 128.125, 145.25, 127.875, 15.265625], [75.6875, 61.71875, 46.875, 35.375, 27.015625, 72.6875, 128.875, 147.0, 0.0, 82.125, 126.4375, 24.046875, 104.5, 60.625, 48.5, 56.9375, 140.75, 89.25, 35.46875, 22.46875, 142.875], [98.625, 27.65625, 116.5, 117.5, 101.625, 14.0390625, 175.125, 178.375, 82.125, 0.0, 106.3125, 86.75, 129.625, 41.0625, 125.375, 138.375, 118.0625, 56.625, 117.5625, 76.9375, 167.75], [61.6875, 122.0, 119.125, 149.125, 153.25, 115.3125, 115.125, 99.0, 126.4375, 106.3125, 0.0, 108.0, 64.375, 135.625, 135.125, 156.875, 14.3203125, 50.25, 148.25, 104.5625, 84.1875], [52.9375, 72.8125, 30.078125, 41.96875, 47.53125, 80.625, 106.125, 123.0625, 24.046875, 86.75, 108.0, 0.0, 80.625, 76.0625, 39.21875, 56.03125, 122.125, 77.875, 41.21875, 9.8515625, 118.8125], [32.65625, 132.125, 74.75, 112.375, 127.125, 132.25, 52.40625, 48.75, 104.5, 129.625, 64.375, 80.625, 0.0, 141.875, 89.8125, 111.3125, 72.8125, 81.3125, 111.0625, 83.4375, 39.96875], [109.1875, 14.5625, 105.125, 93.125, 71.0, 27.015625, 179.0, 189.75, 60.625, 41.0625, 135.625, 76.0625, 141.875, 0.0, 109.0625, 116.25, 149.0, 86.0625, 93.625, 67.375, 181.75], [73.8125, 108.8125, 16.125, 27.796875, 52.9375, 118.1875, 94.0625, 120.125, 48.5, 125.375, 135.125, 39.21875, 89.8125, 109.0625, 0.0, 22.015625, 148.25, 114.0, 26.40625, 48.8125, 120.75], [95.75, 118.625, 38.125, 23.53125, 50.03125, 129.5, 110.1875, 138.625, 56.9375, 138.375, 156.875, 56.03125, 111.3125, 116.25, 22.015625, 0.0, 170.125, 133.375, 22.796875, 64.6875, 140.625], [74.5, 135.125, 132.25, 163.0, 167.625, 127.75, 121.25, 101.5, 140.75, 118.0625, 14.3203125, 122.125, 72.8125, 149.0, 148.25, 170.125, 0.0, 63.0, 162.125, 118.8125, 86.3125], [56.46875, 72.125, 99.8125, 119.25, 115.875, 65.0625, 132.0, 128.125, 89.25, 56.625, 50.25, 77.875, 81.3125, 86.0625, 114.0, 133.375, 63.0, 0.0, 118.6875, 70.8125, 115.875], [89.5625, 96.5625, 37.21875, 1.4140625, 28.28125, 108.0, 120.25, 145.25, 35.46875, 117.5625, 148.25, 41.21875, 111.0625, 93.625, 26.40625, 22.796875, 162.125, 118.6875, 0.0, 47.9375, 144.75], [53.53125, 63.375, 39.84375, 48.46875, 48.84375, 70.875, 112.9375, 127.875, 22.46875, 76.9375, 104.5625, 9.8515625, 83.4375, 67.375, 48.8125, 64.6875, 118.8125, 70.8125, 47.9375, 0.0, 122.5625], [72.5625, 171.75, 107.5625, 146.125, 163.875, 171.25, 44.28125, 15.265625, 142.875, 167.75, 84.1875, 118.8125, 39.96875, 181.75, 120.75, 140.625, 86.3125, 115.875, 144.75, 122.5625, 0.0]], "angleGap": [[0.0, 1.3349609375, 1.056640625, 0.791015625, 0.1396484375, 2.671875, 3.1015625, 0.66796875, 0.2802734375, 1.6669921875, 0.791015625, 3.056640625, 0.1044921875, 1.328125, 1.3046875, 1.7607421875, 0.7919921875, 1.06640625, 0.6064453125, 3.013671875], [1.3349609375, 0.0, 0.2783203125, 0.54443359375, 1.474609375, 1.3369140625, 1.767578125, 0.66748046875, 1.615234375, 3.001953125, 0.5439453125, 1.892578125, 1.23046875, 0.007080078125, 0.031005859375, 3.095703125, 2.126953125, 0.2685546875, 0.72900390625, 1.93359375], [1.056640625, 0.2783203125, 0.0, 0.266357421875, 1.1962890625, 1.615234375, 2.044921875, 0.38916015625, 1.3369140625, 2.724609375, 0.265869140625, 2.169921875, 0.95263671875, 0.271240234375, 0.247314453125, 2.818359375, 1.8486328125, 0.009765625, 0.45068359375, 2.2109375], [0.791015625, 0.54443359375, 0.266357421875, 0.0, 0.9306640625, 1.880859375, 2.3125, 0.122802734375, 1.0712890625, 2.45703125, 0.00048828125, 2.4375, 0.6865234375, 0.53759765625, 0.513671875, 2.55078125, 1.5830078125, 0.276123046875, 0.184326171875, 2.478515625], [0.1396484375, 1.474609375, 1.1962890625, 0.9306640625, 0.0, 2.8125, 3.041015625, 0.8076171875, 0.140625, 1.52734375, 0.9306640625, 2.916015625, 0.244140625, 1.4677734375, 1.4443359375, 1.62109375, 0.65234375, 1.2060546875, 0.74609375, 2.875], [2.671875, 1.3369140625, 1.615234375, 1.880859375, 2.8125, 0.0, 0.4306640625, 2.00390625, 2.953125, 1.943359375, 1.880859375, 0.5556640625, 2.56640625, 1.34375, 1.3671875, 1.849609375, 2.818359375, 1.60546875, 2.06640625, 0.5966796875], [3.1015625, 1.767578125, 2.044921875, 2.3125, 3.041015625, 0.4306640625, 0.0, 2.43359375, 2.900390625, 1.513671875, 2.310546875, 0.125, 2.998046875, 1.7744140625, 1.7978515625, 1.419921875, 2.388671875, 2.03515625, 2.49609375, 0.166015625], [0.66796875, 0.66748046875, 0.38916015625, 0.122802734375, 0.8076171875, 2.00390625, 2.43359375, 0.0, 0.9482421875, 2.3359375, 0.123291015625, 2.55859375, 0.5634765625, 0.66015625, 0.63623046875, 2.4296875, 1.4599609375, 0.39892578125, 0.0615234375, 2.6015625], [0.2802734375, 1.615234375, 1.3369140625, 1.0712890625, 0.140625, 2.953125, 2.900390625, 0.9482421875, 0.0, 1.38671875, 1.0712890625, 2.775390625, 0.384765625, 1.6083984375, 1.5849609375, 1.48046875, 0.51171875, 1.3466796875, 0.88671875, 2.734375], [1.6669921875, 3.001953125, 2.724609375, 2.45703125, 1.52734375, 1.943359375, 1.513671875, 2.3359375, 1.38671875, 0.0, 2.458984375, 1.388671875, 1.771484375, 2.99609375, 2.970703125, 0.09375, 0.875, 2.734375, 2.2734375, 1.345703125], [0.791015625, 0.5439453125, 0.265869140625, 0.00048828125, 0.9306640625, 1.880859375, 2.310546875, 0.123291015625, 1.0712890625, 2.458984375, 0.0, 2.435546875, 0.6865234375, 0.537109375, 0.51318359375, 2.552734375, 1.5830078125, 0.275634765625, 0.184814453125, 2.4765625], [3.056640625, 1.892578125, 2.169921875, 2.4375, 2.916015625, 0.5556640625, 0.125, 2.55859375, 2.775390625, 1.388671875, 2.435546875, 0.0, 3.123046875, 1.8994140625, 1.9228515625, 1.294921875, 2.263671875, 2.16015625, 2.62109375, 0.041015625], [0.1044921875, 1.23046875, 0.95263671875, 0.6865234375, 0.244140625, 2.56640625, 2.998046875, 0.5634765625, 0.384765625, 1.771484375, 0.6865234375, 3.123046875, 0.0, 1.2236328125, 1.2001953125, 1.865234375, 0.896484375, 0.96240234375, 0.501953125, 3.119140625], [1.328125, 0.007080078125, 0.271240234375, 0.53759765625, 1.4677734375, 1.34375, 1.7744140625, 0.66015625, 1.6083984375, 2.99609375, 0.537109375, 1.8994140625, 1.2236328125, 0.0, 0.02392578125, 3.08984375, 2.12109375, 0.261474609375, 0.7216796875, 1.9404296875], [1.3046875, 0.031005859375, 0.247314453125, 0.513671875, 1.4443359375, 1.3671875, 1.7978515625, 0.63623046875, 1.5849609375, 2.970703125, 0.51318359375, 1.9228515625, 1.2001953125, 0.02392578125, 0.0, 3.064453125, 2.095703125, 0.237548828125, 0.69775390625, 1.9638671875], [1.7607421875, 3.095703125, 2.818359375, 2.55078125, 1.62109375, 1.849609375, 1.419921875, 2.4296875, 1.48046875, 0.09375, 2.552734375, 1.294921875, 1.865234375, 3.08984375, 3.064453125, 0.0, 0.96875, 2.828125, 2.3671875, 1.251953125], [0.7919921875, 