{"name": "LZB_n20_18", "n": 20, "m": 3, "times": [[0.0, 86.3125, 6.32421875, 65.4375, 76.875, 70.3125, 122.5625, 100.9375, 19.921875, 114.1875, 70.75, 134.375, 93.875, 82.5, 66.75, 58.71875, 101.25, 58.1875, 25.3125, 87.375, 96.125], [86.3125, 0.0, 80.0625, 147.125, 125.6875, 55.875, 188.875, 41.0, 97.125, 184.125, 71.125, 110.4375, 38.46875, 96.125, 107.8125, 130.375, 55.59375, 45.34375, 62.9375, 7.28125, 151.375], [6.32421875, 80.0625, 0.0, 71.375, 77.375, 65.0, 125.875, 94.875, 24.1875, 117.875, 67.9375, 131.625, 88.625, 81.375, 66.0, 62.0, 96.625, 53.3125, 19.921875, 81.25, 99.4375], [65.4375, 147.125, 71.375, 0.0, 115.5, 135.0, 128.75, 166.25, 50.09375, 117.0625, 103.25, 155.625, 143.125, 97.75, 114.5625, 81.375, 144.0, 108.25, 84.5, 146.5, 61.40625], [76.875, 125.6875, 77.375, 115.5, 0.0, 74.1875, 65.625, 112.125, 93.375, 64.0625, 143.625, 206.875, 151.5, 158.75, 18.03125, 35.78125, 164.125, 122.5, 92.0625, 130.75, 166.125], [70.3125, 55.875, 65.0, 135.0, 74.1875, 0.0, 139.625, 39.0625, 89.0625, 136.875, 102.25, 157.125, 89.6875, 125.0625, 56.28125, 89.125, 105.5625, 73.6875, 61.34375, 62.28125, 161.625], [122.5625, 188.875, 125.875, 128.75, 65.625, 139.625, 0.0, 177.75, 131.875, 12.0390625, 193.375, 256.75, 210.5, 202.625, 83.375, 63.875, 221.0, 177.75, 144.625, 193.375, 189.25], [100.9375, 41.0, 94.875, 166.25, 112.125, 39.0625, 177.75, 0.0, 117.125, 175.5, 108.8125, 151.375, 79.3125, 133.75, 94.5, 128.0, 96.4375, 80.4375, 84.125, 48.09375, 182.5], [19.921875, 97.125, 24.1875, 50.09375, 93.375, 89.0625, 131.875, 117.125, 0.0, 122.375, 64.875, 126.375, 97.0625, 70.75, 85.125, 69.625, 101.1875, 61.0, 34.4375, 96.8125, 76.3125], [114.1875, 184.125, 117.875, 117.0625, 64.0625, 136.875, 12.0390625, 175.5, 122.375, 0.0, 184.75, 248.0, 203.875, 193.125, 81.0625, 56.09375, 213.875, 170.5, 137.0, 188.125, 177.75], [70.75, 71.125, 67.9375, 103.25, 143.625, 102.25, 193.375, 108.8125, 64.875, 184.75, 0.0, 63.6875, 46.3125, 25.078125, 129.75, 129.5, 41.78125, 29.15625, 51.625, 66.0625, 85.4375], [134.375, 110.4375, 131.625, 155.625, 206.875, 157.125, 256.75, 151.375, 126.375, 248.0, 63.6875, 0.0, 72.125, 58.1875, 192.25, 193.0, 55.03125, 85.875, 114.8125, 103.3125, 115.0], [93.875, 38.46875, 88.625, 143.125, 151.5, 89.6875, 210.5, 79.3125, 97.0625, 203.875, 46.3125, 72.125, 0.0, 68.5625, 134.625, 148.125, 17.125, 36.21875, 68.6875, 31.25, 131.75], [82.5, 96.125, 81.375, 97.75, 158.75, 125.0625, 202.625, 133.75, 70.75, 193.125, 25.078125, 58.1875, 68.5625, 0.0, 146.5, 139.75, 59.6875, 53.59375, 69.125, 90.9375, 66.125], [66.75, 107.8125, 66.0, 114.5625, 18.03125, 56.28125, 83.375, 94.5, 85.125, 81.0625, 129.75, 192.25, 134.625, 146.5, 0.0, 42.0, 147.75, 107.0, 78.25, 113.0, 160.25], [58.71875, 130.375, 62.0, 81.375, 35.78125, 89.125, 63.875, 128.0, 69.625, 56.09375, 129.5, 193.0, 148.125, 139.75, 42.0, 0.0, 157.75, 114.375, 81.0, 133.875, 136.0], [101.25, 55.59375, 96.625, 144.0, 164.125, 105.5625, 221.0, 96.4375, 101.1875, 213.875, 41.78125, 55.03125, 17.125, 59.6875, 147.75, 157.75, 0.0, 43.40625, 76.9375, 48.375, 125.25], [58.1875, 45.34375, 53.3125, 108.25, 122.5, 73.6875, 177.75, 80.4375, 61.0, 170.5, 29.15625, 85.875, 36.21875, 53.59375, 107.0, 114.375, 43.40625, 0.0, 33.53125, 41.875, 106.0625], [25.3125, 62.9375, 19.921875, 84.5, 92.0625, 61.34375, 144.625, 84.125, 34.4375, 137.0, 51.625, 114.8125, 68.6875, 69.125, 78.25, 81.0, 76.9375, 33.53125, 0.0, 63.15625, 100.625], [87.375, 7.28125, 81.25, 146.5, 130.75, 62.28125, 193.375, 48.09375, 96.8125, 188.125, 66.0625, 103.3125, 31.25, 90.9375, 113.0, 133.875, 48.375, 41.875, 63.15625, 0.0, 147.875], [96.125, 151.375, 99.4375, 61.40625, 166.125, 161.625, 189.25, 182.5, 76.3125, 177.75, 85.4375, 115.0, 131.75, 66.125, 160.25, 136.0, 125.25, 106.0625, 100.625, 147.875, 0.0]], "angleGap": [[0.0, 0.1474609375, 2.638671875, 1.755859375, 0.7021484375, 2.244140625, 0.4130859375, 2.05078125, 2.318359375, 0.919921875, 0.9599609375, 0.421875, 1.2109375, 1.544921875, 2.216796875, 0.580078125, 0.5068359375, 0.3330078125, 0.0830078125, 1.955078125], [0.1474609375, 0.0, 2.78515625, 1.607421875, 0.5546875, 2.095703125, 0.265625, 2.19921875, 2.173828125, 1.0673828125, 1.107421875, 0.5693359375, 1.3583984375, 1.400390625, 2.072265625, 0.7275390625, 0.654296875, 0.48046875, 0.23046875, 2.1015625], [2.638671875, 2.78515625, 0.0, 1.8896484375, 2.943359375, 1.3994140625, 3.05078125, 0.587890625, 1.3251953125, 1.71875, 1.6787109375, 2.216796875, 1.427734375, 2.09765625, 1.4267578125, 2.05859375, 2.1328125, 2.3046875, 2.5546875, 0.68408203125], [1.755859375, 1.607421875, 1.8896484375, 0.0, 1.052734375, 0.490234375, 1.341796875, 2.4765625, 0.564453125, 2.673828125, 2.71484375, 2.177734375, 2.966796875, 0.208984375, 0.462890625, 2.333984375, 2.259765625, 2.087890625, 1.837890625, 2.57421875], [0.7021484375, 0.5546875, 2.943359375, 1.052734375, 0.0, 1.541015625, 0.2890625, 2.75390625, 1.619140625, 1.6220703125, 1.662109375, 1.1240234375, 1.9130859375, 0.845703125, 1.517578125, 1.2822265625, 1.208984375, 1.03515625, 0.78515625, 2.65625], [2.244140625, 2.095703125, 1.3994140625, 0.490234375, 1.541015625, 0.0, 1.830078125, 1.9873046875, 0.07421875, 3.1171875, 3.078125, 2.666015625, 2.828125, 0.69921875, 0.02734375, 2.826171875, 2.751953125, 2.578125, 2.328125, 2.083984375], [0.4130859375, 0.265625, 3.05078125, 1.341796875, 0.2890625, 1.830078125, 0.0, 2.46484375, 1.908203125, 1.3330078125, 1.373046875, 0.8349609375, 1.6240234375, 1.134765625, 1.806640625, 0.9931640625, 0.919921875, 0.74609375, 0.49609375, 2.3671875], [2.05078125, 2.19921875, 0.587890625, 2.4765625, 2.75390625, 1.9873046875, 2.46484375, 0.0, 1.9130859375, 1.130859375, 1.0908203125, 1.62890625, 0.83984375, 2.685546875, 2.013671875, 1.470703125, 1.5439453125, 1.7177734375, 1.9677734375, 0.0963134765625], [2.318359375, 2.173828125, 1.3251953125, 0.564453125, 1.619140625, 0.07421875, 1.908203125, 1.9130859375, 0.0, 3.04296875, 3.00390625, 2.740234375, 2.75390625, 0.7734375, 0.1015625, 2.900390625, 2.826171875, 2.65234375, 2.40234375, 2.009765625], [0.919921875, 1.0673828125, 1.71875, 2.673828125, 1.6220703125, 3.1171875, 1.3330078125, 1.130859375, 3.04296875, 0.0, 0.0400390625, 0.498046875, 0.291015625, 2.466796875, 3.138671875, 0.33984375, 0.4130859375, 0.5869140625, 0.8369140625, 1.03515625], [0.9599609375, 1.107421875, 1.6787109375, 2.71484375, 1.662109375, 3.078125, 1.373046875, 1.0908203125, 3.00390625, 0.0400390625, 0.0, 0.5380859375, 0.2509765625, 2.505859375, 3.10546875, 0.3798828125, 0.453125, 0.626953125, 0.876953125, 0.99462890625], [0.421875, 0.5693359375, 2.216796875, 2.177734375, 1.1240234375, 2.666015625, 0.8349609375, 1.62890625, 2.740234375, 0.498046875, 0.5380859375, 0.0, 0.7890625, 1.966796875, 2.638671875, 0.158203125, 0.0849609375, 0.0888671875, 0.3388671875, 1.533203125], [1.2109375, 1.3583984375, 1.427734375, 2.966796875, 1.9130859375, 2.828125, 1.6240234375, 0.83984375, 2.75390625, 0.291015625, 0.2509765625, 0.7890625, 0.0, 2.755859375, 2.85546875, 0.630859375, 0.7041015625, 0.8779296875, 1.1279296875, 0.74365234375], [1.544921875, 1.400390625, 2.09765625, 0.208984375, 0.845703125, 0.69921875, 1.134765625, 2.685546875, 0.7734375, 2.466796875, 2.505859375, 1.966796875, 2.755859375, 0.0, 0.671875, 2.126953125, 2.052734375, 1.876953125, 1.626953125, 2.783203125], [2.216796875, 2.072265625, 1.4267578125, 0.462890625, 1.517578125, 0.02734375, 1.806640625, 2.013671875, 0.1015625, 3.138671875, 3.10546875, 2.638671875, 2.85546875, 0.671875, 0.0, 2.798828125, 2.724609375, 2.55078125, 2.30078125, 2.111328125], [0.580078125, 0.7275390625, 2.05859375, 2.333984375, 1.2822265625, 2.826171875, 0.9931640625, 1.470703125, 2.900390625, 0.33984375, 0.3798828125, 0.158203125, 0.630859375, 2.126953125, 2.798828125, 0.0, 0.0732421875, 0.2470703125, 0.4970703125, 1.375], [0.5068359375, 0.654296875, 2.1328125, 2.259765625, 1.208984375, 2.751953125, 0.919921875, 1.5439453125, 2.826171875, 0.4130859375, 0.453125, 0.0849609375, 0.7041015625, 2.052734375, 2.724609375, 