{"name": "LZB_n20_20", "n": 20, "m": 3, "times": [[0.0, 83.5, 90.125, 64.875, 89.5, 88.5625, 107.625, 20.25, 101.8125, 88.5, 89.125, 72.9375, 126.125, 51.875, 69.625, 42.96875, 47.5, 90.1875, 41.625, 33.96875, 42.0], [83.5, 0.0, 42.1875, 106.5625, 154.875, 160.25, 182.0, 90.5625, 44.40625, 104.125, 104.375, 57.5, 68.125, 122.4375, 120.3125, 41.0, 43.1875, 157.25, 103.25, 57.8125, 124.0], [90.125, 42.1875, 0.0, 134.0, 136.875, 145.75, 168.125, 104.6875, 86.5, 70.75, 139.5, 94.875, 109.1875, 111.625, 145.625, 59.375, 69.5, 176.875, 122.75, 56.3125, 131.75], [64.875, 106.5625, 134.0, 0.0, 146.125, 140.375, 154.25, 45.34375, 95.5, 152.125, 32.75, 57.09375, 110.375, 110.125, 15.1328125, 74.625, 65.3125, 56.75, 27.078125, 88.25, 64.1875], [89.5, 154.875, 136.875, 146.125, 0.0, 15.65625, 34.125, 103.4375, 185.875, 78.9375, 175.5, 161.75, 211.5, 37.65625, 144.25, 122.875, 132.5, 140.75, 119.0625, 98.25, 86.125], [88.5625, 160.25, 145.75, 140.375, 15.65625, 0.0, 22.359375, 99.9375, 188.25, 92.125, 171.0, 161.5, 213.375, 38.28125, 137.125, 125.625, 134.0, 129.75, 113.4375, 102.5625, 78.0], [107.625, 182.0, 168.125, 154.25, 34.125, 22.359375, 0.0, 116.75, 208.625, 113.0, 186.0, 180.375, 233.5, 59.5625, 149.125, 146.375, 154.125, 135.875, 127.75, 124.1875, 90.25], [20.25, 90.5625, 104.6875, 45.34375, 103.4375, 99.9375, 116.75, 0.0, 99.875, 108.75, 72.25, 65.75, 122.125, 66.25, 49.40625, 50.0, 49.03125, 72.5, 21.40625, 50.59375, 35.34375], [101.8125, 44.40625, 86.5, 95.5, 185.875, 188.25, 208.625, 99.875, 0.0, 145.875, 80.0625, 38.625, 26.0, 150.0, 110.625, 62.96875, 54.5, 151.875, 103.8125, 88.5625, 135.125], [88.5, 104.125, 70.75, 152.125, 78.9375, 92.125, 113.0, 108.75, 145.875, 0.0, 171.125, 137.875, 171.25, 71.1875, 158.125, 91.6875, 104.9375, 174.75, 130.125, 67.1875, 117.4375], [89.125, 104.375, 139.5, 32.75, 175.5, 171.0, 186.0, 72.25, 80.0625, 171.125, 0.0, 47.15625, 88.1875, 138.5, 43.875, 83.5, 71.0, 83.375, 58.1875, 104.1875, 96.375], [72.9375, 57.5, 94.875, 57.09375, 161.75, 161.5, 180.375, 65.75, 38.625, 137.875, 47.15625, 0.0, 57.125, 124.375, 72.1875, 46.1875, 33.0, 113.3125, 66.1875, 72.0, 100.125], [126.125, 68.125, 109.1875, 110.375, 211.5, 213.375, 233.5, 122.125, 26.0, 171.25, 88.1875, 57.125, 0.0, 175.375, 125.3125, 88.6875, 79.375, 167.0, 123.1875, 114.5, 157.0], [51.875, 122.4375, 111.625, 110.125, 37.65625, 38.28125, 59.5625, 66.25, 150.0, 71.1875, 138.5, 124.375, 175.375, 0.0, 109.8125, 87.3125, 95.9375, 113.1875, 83.3125, 64.6875, 55.0], [69.625, 120.3125, 145.625, 15.1328125, 144.25, 137.125, 149.125, 49.40625, 110.625, 158.125, 43.875, 72.1875, 125.3125, 109.8125, 0.0, 86.375, 78.1875, 41.75, 28.171875, 96.875, 59.21875], [42.96875, 41.0, 59.375, 74.625, 122.875, 125.625, 146.375, 50.0, 62.96875, 91.6875, 83.5, 46.1875, 88.6875, 87.3125, 86.375, 0.0, 13.34375, 119.5625, 65.0, 26.6875, 83.0], [47.5, 43.1875, 69.5, 65.3125, 132.5, 134.0, 154.125, 49.03125, 54.5, 104.9375, 71.0, 33.0, 79.375, 95.9375, 78.1875, 13.34375, 0.0, 114.125, 60.0625, 39.125, 83.9375], [90.1875, 157.25, 176.875, 56.75, 140.75, 129.75, 135.875, 72.5, 151.875, 174.75, 83.375, 113.3125, 167.0, 113.1875, 41.75, 119.5625, 114.125, 0.0, 54.5625, 123.0, 58.59375], [41.625, 103.25, 122.75, 27.078125, 119.0625, 113.4375, 127.75, 21.40625, 103.8125, 130.125, 58.1875, 66.1875, 123.1875, 83.3125, 28.171875, 65.0, 60.0625, 54.5625, 0.0, 70.8125, 38.46875], [33.96875, 57.8125, 56.3125, 88.25, 98.25, 102.5625, 124.1875, 50.59375, 88.5625, 67.1875, 104.1875, 72.0, 114.5, 64.6875, 96.875, 26.6875, 39.125, 123.0, 70.8125, 0.0, 75.4375], [42.0, 124.0, 131.75, 64.1875, 86.125, 78.0, 90.25, 35.34375, 135.125, 117.4375, 96.375, 100.125, 157.0, 55.0, 59.21875, 83.0, 83.9375, 58.59375, 38.46875, 75.4375, 0.0]], "angleGap": [[0.0, 0.4853515625, 1.587890625, 2.21875, 2.39453125, 2.513671875, 1.8154296875, 0.442138671875, 1.2998046875, 1.2978515625, 0.7412109375, 0.5234375, 2.234375, 1.8017578125, 0.10302734375, 0.381591796875, 2.263671875, 1.8564453125, 0.5673828125, 2.8125], [0.4853515625, 0.0, 2.072265625, 1.732421875, 1.908203125, 2.02734375, 2.30078125, 0.927734375, 0.814453125, 1.783203125, 1.2265625, 1.0087890625, 1.748046875, 2.287109375, 0.58837890625, 0.8671875, 2.75, 2.341796875, 0.081787109375, 2.984375], [1.587890625, 2.072265625, 0.0, 2.478515625, 2.302734375, 2.181640625, 0.2275390625, 1.1455078125, 2.88671875, 0.2900390625, 0.8466796875, 1.064453125, 2.462890625, 0.2138671875, 1.484375, 1.2060546875, 0.6767578125, 0.2685546875, 2.154296875, 1.224609375], [2.21875, 1.732421875, 2.478515625, 0.0, 0.17578125, 0.294921875, 2.251953125, 2.66015625, 0.91845703125, 2.767578125, 2.958984375, 2.7421875, 0.015625, 2.263671875, 2.3203125, 2.599609375, 1.798828125, 2.208984375, 1.650390625, 1.251953125], [2.39453125, 1.908203125, 2.302734375, 0.17578125, 0.0, 0.119140625, 2.072265625, 2.8359375, 1.09375, 2.591796875, 3.134765625, 2.91796875, 0.16015625, 2.087890625, 2.49609375, 2.775390625, 1.626953125, 2.033203125, 1.826171875, 1.076171875], [2.513671875, 2.02734375, 2.181640625, 0.294921875, 0.119140625, 0.0, 1.955078125, 2.955078125, 1.212890625, 2.47265625, 3.029296875, 3.03515625, 0.279296875, 1.970703125, 2.615234375, 2.89453125, 1.505859375, 1.916015625, 1.9453125, 0.95703125], [1.8154296875, 2.30078125, 0.2275390625, 2.251953125, 2.072265625, 1.955078125, 0.0, 1.373046875, 3.115234375, 0.517578125, 1.07421875, 1.2919921875, 2.236328125, 0.013671875, 1.7119140625, 1.43359375, 0.44921875, 0.041015625, 2.3828125, 0.998046875], [0.442138671875, 0.927734375, 1.1455078125, 2.66015625, 2.8359375, 2.955078125, 1.373046875, 0.0, 1.7421875, 0.85546875, 0.298828125, 0.0810546875, 2.67578125, 1.359375, 0.339111328125, 0.060546875, 1.822265625, 1.4140625, 1.009765625, 2.37109375], [1.2998046875, 0.814453125, 2.88671875, 0.91845703125, 1.09375, 1.212890625, 3.115234375, 1.7421875, 0.0, 2.59765625, 2.041015625, 1.822265625, 0.93408203125, 3.1015625, 1.40234375, 1.681640625, 2.71875, 3.126953125, 0.732421875, 2.169921875], [1.2978515625, 1.783203125, 0.2900390625, 2.767578125, 2.591796875, 2.47265625, 0.517578125, 0.85546875, 2.59765625, 0.0, 0.556640625, 0.7744140625, 2.751953125, 0.50390625, 1.1943359375, 0.916015625, 0.966796875, 0.55859375, 1.865234375, 1.517578125], [0.7412109375, 1.2265625, 0.8466796875, 2.958984375, 3.134765625, 3.029296875, 1.07421875, 0.298828125, 2.041015625, 0.556640625, 0.0, 0.2177734375, 2.974609375, 1.060546875, 0.6376953125, 0.359375, 1.5234375, 1.115234375, 1.30859375, 2.072265625], [0.5234375, 1.0087890625, 1.064453125, 2.7421875, 2.91796875, 3.03515625, 1.2919921875, 0.0810546875, 1.822265625, 0.7744140625, 0.2177734375, 0.0, 2.7578125, 1.2783203125, 0.420166015625, 0.1416015625, 1.7412109375, 1.3330078125, 1.08984375, 2.291015625], [2.234375, 1.748046875, 2.462890625, 0.015625, 0.16015625, 0.279296875, 2.236328125, 2.67578125, 0.93408203125, 2.751953125, 2.974609375, 2.7578125, 0.0, 2.248046875, 2.3359375, 2.615234375, 1.783203125, 2.193359375, 1.666015625, 1.236328125], [1.8017578125, 2.287109375, 0.2138671875, 2.263671875, 2.087890625, 1.970703125, 0.013671875, 1.359375, 3.1015625, 0.50390625, 1.060546875, 1.2783203125, 2.248046875, 0.0, 1.6982421875, 1.419921875, 0.462890625, 0.0546875, 2.369140625, 1.009765625], [0.10302734375, 0.58837890625, 1.484375, 2.3203125, 2.49609375, 2.615234375, 1.7119140625, 0.339111328125, 1.40234375, 1.1943359375, 0.6376953125, 0.420166015625, 2.3359375, 1.6982421875, 0.0, 0.278564453125, 2.162109375, 1.7529296875, 0.669921875, 2.7109375], [0.381591796875, 0.8671875, 1.2060546875, 2.599609375, 2.775390625, 2.89453125, 1.43359375, 0.060546875, 1.681640625, 0.916015625, 0.359375, 0.1416015625, 2.615234375, 1.419921875, 0.278564453125, 0.0, 1.8828125, 1.474609375, 0.94873046875, 2.431640625], [2.263671875, 2.75, 0.6767578125, 1.798828125, 1.626953125, 1.505859375, 0.44921875, 1.822265625, 2.71875, 0.966796875, 1.5234375, 1.7412109375, 1.783203125, 0.462890625, 2.162109375, 1.8828125, 0.0, 0.408203125, 2.83203125, 0.548828125],