{"name": "LZB_n20_17", "n": 20, "m": 3, "times": [[0.0, 43.75, 74.75, 27.171875, 63.625, 91.25, 114.9375, 74.0, 98.25, 103.75, 42.1875, 113.875, 87.125, 86.625, 92.0, 83.0, 62.4375, 46.625, 26.3125, 41.75, 29.734375], [43.75, 0.0, 116.25, 49.78125, 63.9375, 74.625, 147.75, 114.125, 139.0, 143.875, 78.5, 95.875, 62.25, 61.40625, 108.4375, 39.3125, 88.3125, 88.25, 42.96875, 83.125, 37.8125], [74.75, 116.25, 0.0, 70.875, 126.75, 159.875, 114.75, 8.546875, 23.765625, 30.015625, 72.8125, 181.5, 159.5, 159.125, 130.875, 155.0, 54.5, 55.4375, 77.625, 33.25, 100.4375], [27.171875, 49.78125, 70.875, 0.0, 89.1875, 113.4375, 137.375, 67.0625, 92.0, 96.0625, 65.8125, 136.0, 106.125, 105.4375, 119.0625, 86.125, 39.6875, 64.375, 7.0703125, 39.9375, 54.125], [63.625, 63.9375, 126.75, 89.1875, 0.0, 34.9375, 101.5625, 129.0, 150.125, 156.75, 57.25, 55.0, 42.96875, 43.1875, 48.28125, 84.375, 126.0625, 75.375, 85.6875, 98.375, 35.125], [91.25, 74.625, 159.875, 113.4375, 34.9375, 0.0, 130.75, 161.5, 183.5, 189.875, 92.0625, 22.671875, 18.78125, 19.703125, 71.1875, 77.6875, 152.5, 110.0625, 108.4375, 129.875, 61.625], [114.9375, 147.75, 114.75, 137.375, 101.5625, 130.75, 0.0, 122.4375, 127.875, 134.75, 72.6875, 142.125, 143.75, 144.125, 61.28125, 180.25, 153.375, 74.3125, 139.5, 111.8125, 110.375], [74.0, 114.125, 8.546875, 67.0625, 129.0, 161.5, 122.4375, 0.0, 25.015625, 29.828125, 76.8125, 183.375, 160.125, 159.625, 136.0, 152.375, 47.0, 60.21875, 74.0, 32.3125, 101.0625], [98.25, 139.0, 23.765625, 92.0, 150.125, 183.5, 127.875, 25.015625, 0.0, 7.2109375, 95.125, 205.0, 183.25, 182.875, 151.375, 177.375, 68.0, 77.125, 99.0, 56.5, 124.25], [103.75, 143.875, 30.015625, 96.0625, 156.75, 189.875, 134.75, 29.828125, 7.2109375, 0.0, 102.0625, 211.5, 189.375, 189.0, 158.5, 181.875, 69.5625, 84.1875, 103.125, 61.96875, 130.25], [42.1875, 78.5, 72.8125, 65.8125, 57.25, 92.0625, 72.6875, 76.8125, 95.125, 102.0625, 0.0, 112.0, 96.5, 96.4375, 60.53125, 114.9375, 89.6875, 18.359375, 67.25, 51.25, 44.28125], [113.875, 95.875, 181.5, 136.0, 55.0, 22.671875, 142.125, 183.375, 205.0, 211.5, 112.0, 0.0, 34.71875, 35.6875, 80.875, 93.0, 175.125, 130.25, 131.0, 152.0, 84.1875], [87.125, 62.25, 159.5, 106.125, 42.96875, 18.78125, 143.75, 160.125, 183.25, 189.375, 96.5, 34.71875, 0.0, 1.0, 86.3125, 59.53125, 145.75, 113.625, 100.4375, 127.875, 59.09375], [86.625, 61.40625, 159.125, 105.4375, 43.1875, 19.703125, 144.125, 159.625, 182.875, 189.0, 96.4375, 35.6875, 1.0, 0.0, 86.8125, 58.5625, 145.125, 113.4375, 99.6875, 127.4375, 58.6875], [92.0, 108.4375, 130.875, 119.0625, 48.28125, 71.1875, 61.28125, 136.0, 151.375, 158.5, 60.53125, 80.875, 86.3125, 86.8125, 0.0, 132.625, 148.875, 75.8125, 118.0625, 111.8125, 72.5625], [83.0, 39.3125, 155.0, 86.125, 84.375, 77.6875, 180.25, 152.375, 177.375, 181.875, 114.9375, 93.0, 59.53125, 58.5625, 132.625, 0.0, 121.75, 126.5, 79.0625, 122.0, 71.1875], [62.4375, 88.3125, 54.5, 39.6875, 126.0625, 152.5, 153.375, 47.0, 68.0, 69.5625, 89.6875, 175.125, 145.75, 145.125, 148.875, 121.75, 0.0, 80.125, 45.8125, 41.59375, 91.8125], [46.625, 88.25, 55.4375, 64.375, 75.375, 110.0625, 74.3125, 60.21875, 77.125, 84.1875, 18.359375, 130.25, 113.625, 113.4375, 75.8125, 126.5, 80.125, 0.0, 67.625, 39.0625, 58.21875], [26.3125, 42.96875, 77.625, 7.0703125, 85.6875, 108.4375, 139.5, 74.0, 99.0, 103.125, 67.25, 131.0, 100.4375, 99.6875, 118.0625, 79.0625, 45.8125, 67.625, 0.0, 46.1875, 50.59375], [41.75, 83.125, 33.25, 39.9375, 98.375, 129.875, 111.8125, 32.3125, 56.5, 61.96875, 51.25, 152.0, 127.875, 127.4375, 111.8125, 122.0, 41.59375, 39.0625, 46.1875, 0.0, 68.9375], [29.734375, 37.8125, 100.4375, 54.125, 35.125, 61.625, 110.375, 101.0625, 124.25, 130.25, 44.28125, 84.1875, 59.09375, 58.6875, 72.5625, 71.1875, 91.8125, 58.21875, 50.59375, 68.9375, 0.0]], "angleGap": [[0.0, 2.7421875, 1.4970703125, 1.228515625, 0.947265625, 2.3046875, 2.626953125, 2.69921875, 2.654296875, 2.302734375, 0.962890625, 0.740234375, 0.728515625, 1.744140625, 0.02734375, 1.943359375, 2.708984375, 1.2333984375, 2.666015625, 1.017578125], [2.7421875, 0.0, 1.244140625, 2.3125, 2.59375, 1.2373046875, 0.114501953125, 0.04150390625, 0.087646484375, 1.23828125, 2.578125, 2.80078125, 2.8125, 1.7978515625, 2.76953125, 0.7978515625, 0.83349609375, 1.5078125, 0.07568359375, 2.5234375], [1.4970703125, 1.244140625, 0.0, 2.724609375, 2.443359375, 2.48046875, 1.1298828125, 1.203125, 1.15625, 2.482421875, 2.458984375, 2.236328125, 2.228515625, 3.04296875, 1.5244140625, 0.4462890625, 2.078125, 0.263671875, 1.16796875, 2.513671875], [1.228515625, 2.3125, 2.724609375, 0.0, 0.28125, 1.076171875, 2.427734375, 2.35546875, 2.400390625, 1.0751953125, 0.265625, 0.48828125, 0.498046875, 0.515625, 1.201171875, 3.111328125, 1.48046875, 2.462890625, 2.388671875, 0.2109375], [0.947265625, 2.59375, 2.443359375, 0.28125, 0.0, 1.357421875, 2.708984375, 2.63671875, 2.681640625, 1.3564453125, 0.015625, 0.20703125, 0.216796875, 0.796875, 0.919921875, 2.890625, 1.76171875, 2.181640625, 2.669921875, 0.0703125], [2.3046875, 1.2373046875, 2.48046875, 1.076171875, 1.357421875, 0.0, 1.3515625, 1.279296875, 1.3251953125, 0.0009765625, 1.341796875, 1.564453125, 1.57421875, 0.560546875, 2.275390625, 2.03515625, 0.40380859375, 2.74609375, 1.3125, 1.287109375], [2.626953125, 0.114501953125, 1.1298828125, 2.427734375, 2.708984375, 1.3515625, 0.0, 0.072998046875, 0.02685546875, 1.3525390625, 2.693359375, 2.916015625, 2.92578125, 1.912109375, 2.654296875, 0.68359375, 0.9482421875, 1.3935546875, 0.038818359375, 2.638671875], [2.69921875, 0.04150390625, 1.203125, 2.35546875, 2.63671875, 1.279296875, 0.072998046875, 0.0, 0.046142578125, 1.279296875, 2.62109375, 2.84375, 2.853515625, 1.83984375, 2.7265625, 0.75634765625, 0.875, 1.466796875, 0.0341796875, 2.56640625], [2.654296875, 0.087646484375, 1.15625, 2.400390625, 2.681640625, 1.3251953125, 0.02685546875, 0.046142578125, 0.0, 1.326171875, 2.666015625, 2.888671875, 2.8984375, 1.8857421875, 2.681640625, 0.7099609375, 0.9208984375, 1.419921875, 0.011962890625, 2.611328125], [2.302734375, 1.23828125, 2.482421875, 1.0751953125, 1.3564453125, 0.0009765625, 1.3525390625, 1.279296875, 1.326171875, 0.0, 1.3408203125, 1.5634765625, 1.5732421875, 0.5595703125, 2.275390625, 2.03515625, 0.40478515625, 2.74609375, 1.314453125, 1.2861328125], [0.962890625, 2.578125, 2.458984375, 0.265625, 0.015625, 1.341796875, 2.693359375, 2.62109375, 2.666015625, 1.3408203125, 0.0, 0.22265625, 0.232421875, 0.78125, 0.935546875, 2.90625, 1.74609375, 2.197265625, 2.654296875, 0.0546875], [0.740234375, 2.80078125, 2.236328125, 0.48828125, 0.20703125, 1.564453125, 2.916015625, 2.84375, 2.888671875, 1.5634765625, 0.22265625, 0.0, 0.009765625, 1.00390625, 0.712890625, 2.68359375, 1.96875, 1.974609375, 2.876953125, 0.27734375], [0.728515625, 2.8125, 2.228515625, 0.498046875, 0.216796875, 1.57421875, 2.92578125, 2.853515625, 2.8984375, 1.5732421875, 0.232421875, 0.009765625, 0.0, 1.013671875, 0.705078125, 2.673828125, 1.978515625, 1.962890625, 2.88671875, 0.287109375], [1.744140625, 1.7978515625, 3.04296875, 0.515625, 0.796875, 0.560546875, 1.912109375, 1.83984375, 1.8857421875, 0.5595703125, 0.78125, 1.00390625, 1.013671875, 0.0, 1.716796875, 2.595703125, 0.96435546875, 2.978515625, 1.873046875, 0.7265625], [0.02734375, 2.76953125, 1.5244140625, 1.201171875, 0.919921875, 2.275390625, 2.654296875, 2.7265625, 2.681640625, 2.275390625, 0.935546875, 0.712890625, 0.705078125, 1.716796875, 0.0, 1.970703125, 2.681640625, 1.2607421875, 2.693359375, 0.990234375], [1.943359375, 0.7978515625, 0.4462890625, 3.111328125, 2.890625, 2.03515625, 0.68359375, 0.75634765625, 0.7099609375, 2.03515625, 2.90625, 2.68359375, 2.673828125, 2.595703125, 1.970703125, 0.0, 1.630859375, 0.7099609375, 0.72216796875, 2.9609375], [2.708984375, 0.83349609375, 2.078125, 1.48046875, 1.76171875, 0.40380859375, 0.9482421875, 0.875, 0.9208984375, 0.40478515625, 1.74609375, 1.96875, 1.978515625, 0.96435546875, 2.681640625, 1.630859375, 0.0, 2.341796875, 