{"name": "LZB_n20_16", "n": 20, "m": 3, "times": [[0.0, 62.625, 53.75, 93.5, 85.0625, 90.6875, 18.03125, 83.1875, 69.3125, 75.4375, 28.0, 106.0625, 129.375, 82.0625, 77.875, 33.25, 57.6875, 63.53125, 110.125, 101.8125, 83.5], [62.625, 0.0, 107.5625, 31.828125, 134.125, 152.0, 51.1875, 34.84375, 131.875, 116.5625, 88.5625, 73.25, 118.5, 54.125, 86.0625, 33.25, 8.9453125, 87.9375, 154.25, 152.125, 33.0], [53.75, 107.5625, 0.0, 134.125, 31.90625, 78.875, 57.0, 134.5, 49.25, 31.046875, 28.59375, 121.0, 180.5, 101.0, 127.4375, 74.3125, 100.125, 109.0625, 58.25, 48.09375, 134.25], [93.5, 31.828125, 134.125, 0.0, 157.875, 183.625, 80.125, 44.1875, 162.625, 138.0, 118.125, 63.875, 133.625, 54.59375, 111.3125, 61.75, 35.84375, 116.75, 175.0, 175.75, 41.1875], [85.0625, 134.125, 31.90625, 157.875, 0.0, 94.5, 85.6875, 163.375, 66.9375, 23.015625, 60.46875, 133.0, 212.5, 116.8125, 159.25, 101.5, 126.0, 140.625, 26.90625, 18.0, 162.875], [90.6875, 152.0, 78.875, 183.625, 94.5, 0.0, 106.8125, 164.75, 29.609375, 107.375, 72.125, 191.125, 169.375, 168.25, 120.0, 123.8125, 148.0, 98.0625, 117.375, 98.0625, 166.0], [18.03125, 51.1875, 57.0, 80.125, 85.6875, 106.8125, 0.0, 77.8125, 83.25, 71.5625, 38.0, 88.0, 136.5, 64.0625, 88.0, 18.390625, 44.59375, 76.875, 108.5, 103.4375, 77.4375], [83.1875, 34.84375, 134.5, 44.1875, 163.375, 164.75, 77.8125, 0.0, 149.625, 147.75, 111.1875, 103.3125, 89.625, 87.1875, 71.125, 62.65625, 43.59375, 81.5625, 185.375, 181.125, 3.0], [69.3125, 131.875, 49.25, 162.625, 66.9375, 29.609375, 83.25, 149.625, 0.0, 78.0625, 46.0, 164.0, 169.875, 141.75, 117.125, 101.25, 126.75, 95.3125, 91.5625, 73.375, 150.375], [75.4375, 116.5625, 31.046875, 138.0, 23.015625, 107.375, 71.5625, 147.75, 78.0625, 0.0, 56.3125, 110.0625, 204.75, 94.5625, 152.75, 85.1875, 108.0625, 136.125, 37.65625, 39.21875, 147.0], [28.0, 88.5625, 28.59375, 118.125, 60.46875, 72.125, 38.0, 111.1875, 46.0, 56.3125, 0.0, 119.0, 152.0, 96.1875, 98.8125, 56.375, 82.4375, 80.625, 86.8125, 76.0, 111.375], [106.0625, 73.25, 121.0, 63.875, 133.0, 191.125, 88.0, 103.3125, 164.0, 110.0625, 119.0, 0.0, 191.375, 24.046875, 157.625, 76.5, 67.75, 155.25, 141.375, 148.875, 100.625], [129.375, 118.5, 180.5, 133.625, 212.5, 169.375, 136.5, 89.625, 169.875, 204.75, 152.0, 191.375, 0.0, 172.375, 53.65625, 131.0, 125.3125, 74.6875, 238.5, 227.75, 92.5625], [82.0625, 54.125, 101.0, 54.59375, 116.8125, 168.25, 64.0625, 87.1875, 141.75, 94.5625, 96.1875, 24.046875, 172.375, 0.0, 135.625, 52.625, 47.15625, 132.0, 128.875, 133.75, 84.8125], [77.875, 86.0625, 127.4375, 111.3125, 159.25, 120.0, 88.0, 71.125, 117.125, 152.75, 98.8125, 157.625, 53.65625, 135.625, 0.0, 87.0, 90.0625, 22.09375, 185.625, 174.25, 73.8125], [33.25, 33.25, 74.3125, 61.75, 101.5, 123.8125, 18.390625, 62.65625, 101.25, 85.1875, 56.375, 76.5, 131.0, 52.625, 87.0, 0.0, 26.25, 80.3125, 122.75, 119.4375, 61.84375], [57.6875, 8.9453125, 100.125, 35.84375, 126.0, 148.0, 44.59375, 43.59375, 126.75, 108.0625, 82.4375, 67.75, 125.3125, 47.15625, 90.0625, 26.25, 0.0, 89.8125, 145.625, 144.0, 41.875], [63.53125, 87.9375, 109.0625, 116.75, 140.625, 98.0625, 76.875, 81.5625, 95.3125, 136.125, 80.625, 155.25, 74.6875, 132.0, 22.09375, 80.3125, 89.8125, 0.0, 167.25, 154.875, 83.875], [110.125, 154.25, 58.25, 175.0, 26.90625, 117.375, 108.5, 185.375, 91.5625, 37.65625, 86.8125, 141.375, 238.5, 128.875, 185.625, 122.75, 145.625, 167.25, 0.0, 20.0, 184.625], [101.8125, 152.125, 48.09375, 175.75, 18.0, 98.0625, 103.4375, 181.125, 73.375, 39.21875, 76.0, 148.875, 227.75, 133.75, 174.25, 119.4375, 144.0, 154.875, 20.0, 0.0, 180.75], [83.5, 33.0, 134.25, 41.1875, 162.875, 166.0, 77.4375, 3.0, 150.375, 147.0, 111.375, 100.625, 92.5625, 84.8125, 73.8125, 61.84375, 41.875, 83.875, 184.625, 180.75, 0.0]], "angleGap": [[0.0, 2.35546875, 0.099609375, 2.267578125, 2.8828125, 0.767578125, 0.392578125, 3.140625, 2.001953125, 2.677734375, 0.740234375, 1.1513671875, 0.71875, 1.3046875, 0.341796875, 0.123046875, 1.54296875, 2.166015625, 2.337890625, 0.3564453125], [2.35546875, 0.0, 2.255859375, 0.0888671875, 1.044921875, 1.587890625, 2.748046875, 0.78515625, 0.3515625, 0.322265625, 1.615234375, 2.77734375, 1.634765625, 2.623046875, 2.013671875, 2.232421875, 2.384765625, 0.19140625, 0.0185546875, 2.712890625], [0.099609375, 2.255859375, 0.0, 2.166015625, 2.982421875, 0.66796875, 0.4921875, 3.041015625, 1.904296875, 2.578125, 0.640625, 1.2509765625, 0.619140625, 1.404296875, 0.2421875, 0.0234375, 1.642578125, 2.064453125, 2.236328125, 0.4560546875], [2.267578125, 0.0888671875, 2.166015625, 0.0, 1.1337890625, 1.498046875, 2.658203125, 0.8740234375, 0.2626953125, 0.4111328125, 1.525390625, 2.865234375, 1.548828125, 2.712890625, 1.923828125, 2.142578125, 2.47265625, 0.1025390625, 0.0703125, 2.623046875], [2.8828125, 1.044921875, 2.982421875, 1.1337890625, 0.0, 2.6328125, 2.490234375, 0.259765625, 1.396484375, 0.72265625, 2.66015625, 1.7314453125, 2.681640625, 1.578125, 3.05859375, 3.005859375, 1.33984375, 1.236328125, 1.0634765625, 2.52734375], [0.767578125, 1.587890625, 0.66796875, 1.498046875, 2.6328125, 0.0, 1.16015625, 2.373046875, 1.236328125, 1.908203125, 0.02734375, 1.9189453125, 0.048828125, 2.072265625, 0.42578125, 0.64453125, 2.310546875, 1.396484375, 1.568359375, 1.1240234375], [0.392578125, 2.748046875, 0.4921875, 2.658203125, 2.490234375, 1.16015625, 0.0, 2.75, 2.396484375, 3.0703125, 1.1328125, 0.7587890625, 1.111328125, 0.91162109375, 0.734375, 0.515625, 1.150390625, 2.556640625, 2.728515625, 0.0361328125], [3.140625, 0.78515625, 3.041015625, 0.8740234375, 0.259765625, 2.373046875, 2.75, 0.0, 1.13671875, 0.462890625, 2.400390625, 1.9912109375, 2.421875, 1.837890625, 2.798828125, 3.017578125, 1.599609375, 0.9765625, 0.8037109375, 2.78515625], [2.001953125, 0.3515625, 1.904296875, 0.2626953125, 1.396484375, 1.236328125, 2.396484375, 1.13671875, 0.0, 0.673828125, 1.263671875, 3.12890625, 1.283203125, 2.974609375, 1.662109375, 1.880859375, 2.736328125, 0.16015625, 0.3330078125, 2.361328125], [2.677734375, 0.322265625, 2.578125, 0.4111328125, 0.72265625, 1.908203125, 3.0703125, 0.462890625, 0.673828125, 0.0, 1.939453125, 2.453125, 1.958984375, 2.30078125, 2.3359375, 2.5546875, 2.0625, 0.513671875, 0.3408203125, 3.033203125], [0.740234375, 1.615234375, 0.640625, 1.525390625, 2.66015625, 0.02734375, 1.1328125, 2.400390625, 1.263671875, 1.939453125, 0.0, 1.8916015625, 0.021484375, 2.044921875, 0.3984375, 0.6171875, 2.283203125, 1.423828125, 1.595703125, 1.0966796875], [1.1513671875, 2.77734375, 1.2509765625, 2.865234375, 1.7314453125, 1.9189453125, 0.7587890625, 1.9912109375, 3.12890625, 2.453125, 1.8916015625, 0.0, 1.8701171875, 0.15283203125, 1.4931640625, 1.2744140625, 0.39208984375, 2.96875, 2.794921875, 0.794921875], [0.71875, 1.634765625, 0.619140625, 1.548828125, 2.681640625, 0.048828125, 1.111328125, 2.421875, 1.283203125, 1.958984375, 0.021484375, 1.8701171875, 0.0, 2.0234375, 0.376953125, 0.595703125, 2.26171875, 1.447265625, 1.619140625, 1.0751953125], [1.3046875, 2.623046875, 1.404296875, 2.712890625, 1.578125, 2.072265625, 0.91162109375, 1.837890625, 2.974609375, 2.30078125, 2.044921875, 0.15283203125, 2.0234375, 0.0, 1.646484375, 1.427734375, 0.2392578125, 2.814453125, 2.642578125, 0.94775390625], [0.341796875, 2.013671875, 0.2421875, 1.923828125, 3.05859375, 0.42578125, 0.734375, 2.798828125, 1.662109375, 2.3359375, 0.3984375, 1.4931640625, 0.376953125, 1.646484375, 0.0, 0.21875, 1.884765625, 1.822265625, 1.994140625, 0.6982421875], [0.123046875, 2.232421875, 0.0234375, 2.142578125, 3.005859375, 0.64453125, 0.515625, 3.017578125, 1.880859375, 2.5546875, 0.6171875, 1.2744140625, 0.595703125, 1.427734375, 0.21875, 0.0, 1.666015625, 2.041015625, 2.212890625, 0.4794921875], [1.54296875, 2.384765625, 1.642578125, 2.47265625, 1.33984375, 2.310546875, 1.150390625, 1.599609375, 2.736328125, 2.0625, 2.283203125, 0.39208984375, 2.26171875, 0.2392578125, 1.884765625, 1.666015625, 0.0, 2.576171875, 2.40234375, 1.1875], [2.166015625, 0.19140625, 2.064453125, 