{"name": "LZB_n20_19", "n": 20, "m": 3, "times": [[0.0, 73.8125, 85.0, 33.53125, 111.125, 92.4375, 125.1875, 101.625, 94.875, 61.28125, 36.21875, 84.3125, 89.4375, 85.375, 79.875, 105.125, 115.625, 80.8125, 73.0, 84.0, 45.96875], [73.8125, 0.0, 154.0, 61.03125, 51.625, 33.3125, 60.0, 159.625, 73.5, 130.125, 41.125, 156.375, 45.65625, 123.3125, 99.4375, 112.0, 169.125, 153.875, 132.125, 153.5, 34.0], [85.0, 154.0, 0.0, 116.0, 195.875, 162.375, 209.5, 38.40625, 139.875, 24.046875, 112.9375, 16.96875, 151.875, 72.5625, 96.0, 118.6875, 135.25, 24.40625, 34.125, 2.236328125, 130.625], [33.53125, 61.03125, 116.0, 0.0, 84.625, 89.3125, 100.1875, 135.125, 108.3125, 93.0625, 41.71875, 112.625, 93.0, 116.8125, 106.375, 129.25, 108.9375, 107.6875, 106.5, 114.75, 27.015625], [111.125, 51.625, 195.875, 84.625, 0.0, 74.9375, 16.5, 206.875, 122.5, 172.0, 87.1875, 195.125, 92.0625, 173.875, 151.0, 163.25, 176.625, 191.0, 178.5, 195.0, 65.3125], [92.4375, 33.3125, 162.375, 89.3125, 74.9375, 0.0, 77.0, 160.0, 49.375, 139.5, 56.21875, 168.125, 18.25, 116.8125, 88.5, 93.4375, 198.125, 167.0, 135.25, 162.375, 63.3125], [125.1875, 60.0, 209.5, 100.1875, 16.5, 77.0, 0.0, 218.625, 126.125, 185.5, 98.75, 209.5, 95.0, 183.25, 158.75, 168.75, 193.0, 205.625, 190.5, 208.75, 79.25], [101.625, 159.625, 38.40625, 135.125, 206.875, 160.0, 218.625, 0.0, 127.0, 47.53125, 119.875, 55.3125, 146.25, 49.34375, 78.8125, 95.5, 172.25, 62.8125, 28.796875, 40.59375, 143.125], [94.875, 73.5, 139.875, 108.3125, 122.5, 49.375, 126.125, 127.0, 0.0, 120.5, 66.625, 149.875, 31.140625, 78.75, 48.5625, 45.1875, 210.25, 151.25, 107.5625, 140.375, 89.375], [61.28125, 130.125, 24.046875, 93.0625, 172.0, 139.5, 185.5, 47.53125, 120.5, 0.0, 89.0, 29.421875, 130.0, 62.78125, 80.4375, 105.375, 127.4375, 31.140625, 26.25, 23.4375, 106.6875], [36.21875, 41.125, 112.9375, 41.71875, 87.1875, 56.21875, 98.75, 119.875, 66.625, 89.0, 0.0, 115.75, 54.5625, 88.4375, 70.5625, 90.5, 146.375, 113.625, 91.8125, 112.4375, 28.15625], [84.3125, 156.375, 16.96875, 112.625, 195.125, 168.125, 209.5, 55.3125, 149.875, 29.421875, 115.75, 0.0, 159.125, 87.25, 108.4375, 132.375, 119.875, 8.25, 48.375, 14.8671875, 130.25], [89.4375, 45.65625, 151.875, 93.0, 92.0625, 18.25, 95.0, 146.25, 31.140625, 130.0, 54.5625, 159.125, 0.0, 101.1875, 72.0, 75.3125, 200.5, 158.875, 122.8125, 152.125, 69.375], [85.375, 123.3125, 72.5625, 116.8125, 173.875, 116.8125, 183.25, 49.34375, 78.75, 62.78125, 88.4375, 87.25, 101.1875, 0.0, 30.234375, 47.03125, 185.125, 91.9375, 38.90625, 74.0, 115.75], [79.875, 99.4375, 96.0, 106.375, 151.0, 88.5, 158.75, 78.8125, 48.5625, 80.4375, 70.5625, 108.4375, 72.0, 30.234375, 0.0, 26.625, 190.75, 111.4375, 62.1875, 97.0, 98.75], [105.125, 112.0, 118.6875, 129.25, 163.25, 93.4375, 168.75, 95.5, 45.1875, 105.375, 90.5, 132.375, 75.3125, 47.03125, 26.625, 0.0, 217.25, 136.0, 84.5625, 119.9375, 118.0], [115.625, 169.125, 135.25, 108.9375, 176.625, 198.125, 193.0, 172.25, 210.25, 127.4375, 146.375, 119.875, 200.5, 185.125, 190.75, 217.25, 0.0, 111.625, 153.375, 133.0, 135.5], [80.8125, 153.875, 24.40625, 107.6875, 191.0, 167.0, 205.625, 62.8125, 151.25, 31.140625, 113.625, 8.25, 158.875, 91.9375, 111.4375, 136.0, 111.625, 0.0, 53.21875, 22.203125, 126.5], [73.0, 132.125, 34.125, 106.5, 178.5, 135.25, 190.5, 28.796875, 107.5625, 26.25, 91.8125, 48.375, 122.8125, 38.90625, 62.1875, 84.5625, 153.375, 53.21875, 0.0, 35.34375, 114.5], [84.0, 153.5, 2.236328125, 114.75, 195.0, 162.375, 208.75, 40.59375, 140.375, 23.4375, 112.4375, 14.8671875, 152.125, 74.0, 97.0, 119.9375, 133.0, 22.203125, 35.34375, 0.0, 129.75], [45.96875, 34.0, 130.625, 27.015625, 65.3125, 63.3125, 79.25, 143.125, 89.375, 106.6875, 28.15625, 130.25, 69.375, 115.75, 98.75, 118.0, 135.5, 126.5, 114.5, 129.75, 0.0]], "angleGap": [[0.0, 2.6484375, 0.95703125, 0.396728515625, 0.3359375, 0.323974609375, 2.2734375, 0.86865234375, 2.591796875, 0.32275390625, 2.84765625, 0.5341796875, 1.767578125, 1.4052734375, 1.3134765625, 2.181640625, 2.939453125, 2.23828125, 2.671875, 0.336669921875], [2.6484375, 0.0, 2.677734375, 3.044921875, 2.3125, 2.97265625, 0.375, 1.779296875, 0.056640625, 2.326171875, 0.19921875, 2.11328125, 0.880859375, 1.2421875, 1.3349609375, 1.455078125, 0.291015625, 0.4091796875, 0.0234375, 2.984375], [0.95703125, 2.677734375, 0.0, 0.560546875, 1.29296875, 0.63330078125, 3.052734375, 1.826171875, 2.734375, 1.2802734375, 2.478515625, 1.4912109375, 2.724609375, 2.36328125, 2.26953125, 1.224609375, 2.38671875, 3.087890625, 2.654296875, 0.62060546875], [0.396728515625, 3.044921875, 0.560546875, 0.0, 0.732421875, 0.07275390625, 2.669921875, 1.265625, 2.98828125, 0.71923828125, 3.0390625, 0.9306640625, 2.1640625, 1.802734375, 1.7099609375, 1.78515625, 2.947265625, 2.63671875, 3.068359375, 0.06005859375], [0.3359375, 2.3125, 1.29296875, 0.732421875, 0.0, 0.65966796875, 1.9375, 0.53271484375, 2.255859375, 0.01312255859375, 2.51171875, 0.1982421875, 1.431640625, 1.0693359375, 0.9775390625, 2.517578125, 2.603515625, 1.9033203125, 2.3359375, 0.67236328125], [0.323974609375, 2.97265625, 0.63330078125, 0.07275390625, 0.65966796875, 0.0, 2.59765625, 1.1923828125, 2.916015625, 0.646484375, 3.111328125, 0.85791015625, 2.091796875, 1.7294921875, 1.63671875, 1.857421875, 3.01953125, 2.5625, 2.99609375, 0.0126953125], [2.2734375, 0.375, 3.052734375, 2.669921875, 1.9375, 2.59765625, 0.0, 1.404296875, 0.318359375, 1.9501953125, 0.57421875, 1.7392578125, 0.505859375, 0.86767578125, 0.9599609375, 1.830078125, 0.666015625, 0.0341796875, 0.3984375, 2.609375], [0.86865234375, 1.779296875, 1.826171875, 1.265625, 0.53271484375, 1.1923828125, 1.404296875, 0.0, 1.72265625, 0.5458984375, 1.978515625, 0.33447265625, 0.8984375, 0.537109375, 0.444580078125, 3.05078125, 2.0703125, 1.3701171875, 1.802734375, 1.205078125], [2.591796875, 0.056640625, 2.734375, 2.98828125, 2.255859375, 2.916015625, 0.318359375, 1.72265625, 0.0, 2.26953125, 0.255859375, 2.056640625, 0.82421875, 1.185546875, 1.2783203125, 1.509765625, 0.34765625, 0.3525390625, 0.080078125, 2.927734375], [0.32275390625, 2.326171875, 1.2802734375, 0.71923828125, 0.01312255859375, 0.646484375, 1.9501953125, 0.5458984375, 2.26953125, 0.0, 2.525390625, 0.21142578125, 1.4443359375, 1.0830078125, 0.99072265625, 2.50390625, 2.6171875, 1.916015625, 2.349609375, 0.6591796875], [2.84765625, 0.19921875, 2.478515625, 3.0390625, 2.51171875, 3.111328125, 0.57421875, 1.978515625, 0.255859375, 2.525390625, 0.0, 2.3125, 1.080078125, 1.44140625, 1.5341796875, 1.251953125, 0.091796875, 0.6083984375, 0.17578125, 3.099609375], [0.5341796875, 2.11328125, 1.4912109375, 0.9306640625, 0.1982421875, 0.85791015625, 1.7392578125, 0.33447265625, 2.056640625, 0.21142578125, 2.3125, 0.0, 1.2333984375, 0.87158203125, 0.779296875, 2.716796875, 2.404296875, 1.705078125, 2.13671875, 0.87060546875], [1.767578125, 0.880859375, 2.724609375, 2.1640625, 1.431640625, 2.091796875, 0.505859375, 0.8984375, 0.82421875, 1.4443359375, 1.080078125, 1.2333984375, 0.0, 0.36181640625, 0.4541015625, 2.333984375, 1.171875, 0.4716796875, 0.904296875, 2.103515625], [1.4052734375, 1.2421875, 2.36328125, 1.802734375, 1.0693359375, 1.7294921875, 0.86767578125, 0.537109375, 1.185546875, 1.0830078125, 1.44140625, 0.87158203125, 0.36181640625, 0.0, 0.09228515625, 2.6953125, 1.533203125, 0.83349609375, 1.265625, 1.7421875], [1.3134765625, 1.3349609375, 2.26953125, 1.7099609375, 0.9775390625, 1.63671875, 0.9599609375, 0.444580078125, 1.2783203125, 0.99072265625, 1.5341796875, 0.779296875, 0.4541015625, 0.09228515625, 0.0, 2.787109375, 1.6259765625, 0.92578125, 1.3583984375, 1.650390625], [2.181640625, 1.455078125, 1.224609375, 1.78515625, 2.517578125, 1.857421875, 1.830078125, 3.05078125, 1.509765625, 2.50390625, 1.251953125, 2.716796875, 2.333984375, 2.6953125, 2.787109375, 0.0, 1.162109375, 1.861328125, 1.431640625, 1.845703125], [2.939453125, 0.291015625, 2.38671875, 2.947265625, 2.603515625, 3.01953125, 0.666015625, 2.0703125, 0.34765625, 2.6171875, 0.091796875, 2.404296875, 