{"name": "LZB_n20_11", "n": 20, "m": 3, "times": [[0.0, 102.3125, 76.5, 73.0, 42.15625, 52.1875, 119.1875, 63.25, 78.125, 79.4375, 95.0625, 39.21875, 95.125, 115.75, 89.375, 47.25, 121.8125, 50.21875, 96.0, 110.0, 112.8125], [102.3125, 0.0, 157.375, 37.9375, 63.25, 55.75, 221.5, 42.15625, 47.09375, 80.0, 30.359375, 133.0, 139.125, 13.453125, 13.0390625, 76.1875, 20.0, 148.875, 66.25, 116.5625, 27.3125], [76.5, 157.375, 0.0, 119.9375, 96.75, 102.1875, 104.0625, 128.75, 115.4375, 92.125, 137.0, 39.21875, 52.09375, 170.0, 146.375, 123.0625, 177.125, 87.125, 116.1875, 92.75, 176.125], [73.0, 37.9375, 119.9375, 0.0, 30.875, 21.09375, 190.875, 33.59375, 14.2109375, 45.34375, 22.140625, 98.3125, 102.1875, 50.09375, 29.015625, 64.5625, 57.28125, 122.6875, 40.3125, 84.875, 61.0], [42.15625, 63.25, 96.75, 30.875, 0.0, 10.1953125, 160.25, 33.0, 37.0625, 49.8125, 52.9375, 69.8125, 91.6875, 76.5625, 51.03125, 46.0, 83.25, 92.0625, 58.9375, 88.5, 79.5], [52.1875, 55.75, 102.1875, 21.09375, 10.1953125, 0.0, 169.75, 32.28125, 27.0, 43.9375, 42.96875, 77.8125, 91.8125, 68.8125, 44.28125, 52.6875, 75.6875, 102.1875, 49.96875, 83.8125, 74.4375], [119.1875, 221.5, 104.0625, 190.875, 160.25, 169.75, 0.0, 181.25, 193.25, 182.125, 212.5, 96.8125, 156.0, 234.875, 208.5, 155.5, 240.875, 76.375, 204.5, 194.25, 229.75], [63.25, 42.15625, 128.75, 33.59375, 33.0, 32.28125, 181.25, 0.0, 47.5, 74.4375, 49.71875, 98.375, 123.8125, 55.0, 29.40625, 35.0625, 60.21875, 107.3125, 73.75, 114.75, 49.65625], [78.125, 47.09375, 115.4375, 14.2109375, 37.0625, 27.0, 193.25, 47.5, 0.0, 33.0625, 21.640625, 98.25, 92.25, 57.5, 40.78125, 76.6875, 64.75, 128.375, 26.25, 71.5, 72.4375], [79.4375, 80.0, 92.125, 45.34375, 49.8125, 43.9375, 182.125, 74.4375, 33.0625, 0.0, 51.96875, 85.4375, 60.4375, 89.6875, 73.6875, 95.75, 96.875, 127.0625, 24.078125, 40.3125, 105.5], [95.0625, 30.359375, 137.0, 22.140625, 52.9375, 42.96875, 212.5, 49.71875, 21.640625, 51.96875, 0.0, 118.6875, 112.3125, 38.0, 29.734375, 83.75, 45.09375, 144.875, 35.90625, 86.5625, 57.59375], [39.21875, 133.0, 39.21875, 98.3125, 69.8125, 77.8125, 96.8125, 98.375, 98.25, 85.4375, 118.6875, 0.0, 73.375, 146.375, 120.8125, 86.5, 153.0, 53.0, 107.6875, 102.5625, 147.75], [95.125, 139.125, 52.09375, 102.1875, 91.6875, 91.8125, 156.0, 123.8125, 92.25, 60.4375, 112.3125, 73.375, 0.0, 149.625, 131.125, 132.375, 156.875, 126.25, 81.875, 43.5625, 163.125], [115.75, 13.453125, 170.0, 50.09375, 76.5625, 68.8125, 234.875, 55.0, 57.5, 89.6875, 38.0, 146.375, 149.625, 0.0, 26.40625, 88.25, 7.28125, 162.125, 73.3125, 124.3125, 26.40625], [89.375, 13.0390625, 146.375, 29.015625, 51.03125, 44.28125, 208.5, 29.40625, 40.78125, 73.6875, 29.734375, 120.8125, 131.125, 26.40625, 0.0, 63.9375, 32.53125, 135.875, 63.5, 112.0625, 32.0], [47.25, 76.1875, 123.0625, 64.5625, 46.0, 52.6875, 155.5, 35.0625, 76.6875, 95.75, 83.75, 86.5, 132.375, 88.25, 63.9375, 0.0, 92.5, 79.25, 101.9375, 134.375, 76.25], [121.8125, 20.0, 177.125, 57.28125, 83.25, 75.6875, 240.875, 60.21875, 64.75, 96.875, 45.09375, 153.0, 156.875, 7.28125, 32.53125, 92.5, 0.0, 167.5, 80.125, 131.125, 24.703125], [50.21875, 148.875, 87.125, 122.6875, 92.0625, 102.1875, 76.375, 107.3125, 128.375, 127.0625, 144.875, 53.0, 126.25, 162.125, 135.875, 79.25, 167.5, 0.0, 145.5, 152.125, 154.625], [96.0, 66.25, 116.1875, 40.3125, 58.9375, 49.96875, 204.5, 73.75, 26.25, 24.078125, 35.90625, 107.6875, 81.875, 73.3125, 63.5, 101.9375, 80.125, 145.5, 0.0, 51.03125, 93.3125], [110.0, 116.5625, 92.75, 84.875, 88.5, 83.8125, 194.25, 114.75, 71.5, 40.3125, 86.5625, 102.5625, 43.5625, 124.3125, 112.0625, 134.375, 131.125, 152.125, 51.03125, 0.0, 143.125], [112.8125, 27.3125, 176.125, 61.0, 79.5, 74.4375, 229.75, 49.65625, 72.4375, 105.5, 57.59375, 147.75, 163.125, 26.40625, 32.0, 76.25, 24.703125, 154.625, 93.3125, 143.125, 0.0]], "angleGap": [[0.0, 2.142578125, 0.279296875, 0.298828125, 0.3359375, 3.1015625, 0.197265625, 0.455078125, 0.876953125, 0.30078125, 2.361328125, 1.564453125, 0.005859375, 0.017578125, 0.7763671875, 0.0390625, 2.673828125, 0.677734375, 1.158203125, 0.234375], [2.142578125, 0.0, 1.861328125, 1.841796875, 1.806640625, 1.0400390625, 2.337890625, 1.685546875, 1.2626953125, 1.841796875, 0.2197265625, 0.5791015625, 2.146484375, 2.158203125, 2.91796875, 2.181640625, 1.4677734375, 1.462890625, 0.9814453125, 2.376953125], [0.279296875, 1.861328125, 0.0, 0.01953125, 0.056640625, 2.90234375, 0.4765625, 0.17578125, 0.599609375, 0.021484375, 2.080078125, 1.283203125, 0.28515625, 0.296875, 1.0556640625, 0.318359375, 2.953125, 0.3984375, 0.880859375, 0.513671875], [0.298828125, 1.841796875, 0.01953125, 0.0, 0.037109375, 2.8828125, 0.49609375, 0.15625, 0.580078125, 0.001953125, 2.064453125, 1.263671875, 0.3046875, 0.31640625, 1.0751953125, 0.337890625, 2.97265625, 0.37890625, 0.861328125, 0.533203125], [0.3359375, 1.806640625, 0.056640625, 0.037109375, 0.0, 2.845703125, 0.533203125, 0.119140625, 0.541015625, 0.03515625, 2.025390625, 1.228515625, 0.341796875, 0.353515625, 1.1123046875, 0.375, 3.009765625, 0.341796875, 0.822265625, 0.5703125], [3.1015625, 1.0400390625, 2.90234375, 2.8828125, 2.845703125, 0.0, 2.904296875, 2.7265625, 2.302734375, 2.880859375, 0.8203125, 1.619140625, 3.095703125, 3.083984375, 2.32421875, 3.0625, 0.427734375, 2.50390625, 2.021484375, 2.8671875], [0.197265625, 2.337890625, 0.4765625, 0.49609375, 0.533203125, 2.904296875, 0.0, 0.65234375, 1.076171875, 0.498046875, 2.55859375, 1.759765625, 0.19140625, 0.1796875, 0.5791015625, 0.158203125, 2.4765625, 0.875, 1.357421875, 0.037109375], [0.455078125, 1.685546875, 0.17578125, 0.15625, 0.119140625, 2.7265625, 0.65234375, 0.0, 0.423828125, 0.154296875, 1.908203125, 1.107421875, 0.4609375, 0.47265625, 1.2314453125, 0.494140625, 3.12890625, 0.22265625, 0.705078125, 0.689453125], [0.876953125, 1.2626953125, 0.599609375, 0.580078125, 0.541015625, 2.302734375, 1.076171875, 0.423828125, 0.0, 0.580078125, 1.482421875, 0.68359375, 0.884765625, 0.896484375, 1.654296875, 0.916015625, 2.73046875, 0.201171875, 0.28125, 1.111328125], [0.30078125, 1.841796875, 0.021484375, 0.001953125, 0.03515625, 2.880859375, 0.498046875, 0.154296875, 0.580078125, 0.0, 2.060546875, 1.259765625, 0.306640625, 0.318359375, 1.0771484375, 0.33984375, 2.974609375, 0.376953125, 0.861328125, 0.53515625], [2.361328125, 0.2197265625, 2.080078125, 2.064453125, 2.025390625, 0.8203125, 2.55859375, 1.908203125, 1.482421875, 2.060546875, 0.0, 0.798828125, 2.3671875, 2.37890625, 3.138671875, 2.400390625, 1.248046875, 1.681640625, 1.201171875, 2.595703125], [1.564453125, 0.5791015625, 1.283203125, 1.263671875, 1.228515625, 1.619140625, 1.759765625, 1.107421875, 0.68359375, 1.259765625, 0.798828125, 0.0, 1.568359375, 1.580078125, 2.337890625, 1.603515625, 2.046875, 0.884765625, 0.40234375, 1.798828125], [0.005859375, 2.146484375, 0.28515625, 0.3046875, 0.341796875, 3.095703125, 0.19140625, 0.4609375, 0.884765625, 0.306640625, 2.3671875, 1.568359375, 0.0, 0.01171875, 0.7705078125, 0.033203125, 2.66796875, 0.68359375, 1.166015625, 0.228515625], [0.017578125, 2.158203125, 0.296875, 0.31640625, 0.353515625, 3.083984375, 0.1796875, 0.47265625, 0.896484375, 0.318359375, 2.37890625, 1.580078125, 0.01171875, 0.0, 0.7587890625, 0.021484375, 2.65625, 0.6953125, 1.177734375, 0.216796875], [0.7763671875, 2.91796875, 1.0556640625, 1.0751953125, 1.1123046875, 2.32421875, 0.5791015625, 1.2314453125, 1.654296875, 1.0771484375, 3.138671875, 2.337890625, 0.7705078125, 0.7587890625, 0.0, 0.7373046875, 1.8974609375, 1.4541015625, 1.935546875, 0.5419921875], [0.0390625, 2.181640625, 0.318359375, 0.337890625, 0.375, 3.0625, 0.158203125, 0.494140625, 0.916015625, 0.33984375, 2.400390625, 1.603515625, 0.033203125, 0.021484375, 0.7373046875, 0.0, 2.634765625, 0.716796875, 1.197265625, 0.1953125], [2.673828125, 1.4677734375, 2.953125, 2.97265625, 3.009765625, 0.427734375, 2.4765625, 3.12890625, 2.73046875, 2.974609375, 1.248046875, 2.046875, 2.66796875, 2.65625, 1.8974609375, 2.634765625, 0.0, 2.931640625, 