{"name": "LZB_n20_13", "n": 20, "m": 3, "times": [[0.0, 130.875, 121.6875, 124.0625, 34.0, 97.5, 84.9375, 75.0, 58.3125, 109.8125, 38.625, 93.375, 47.5, 49.71875, 85.5625, 111.1875, 91.375, 48.0, 86.375, 58.90625, 78.5625], [130.875, 0.0, 11.1796875, 10.0, 163.5, 214.875, 158.375, 205.5, 119.875, 240.625, 166.75, 213.5, 126.625, 176.0, 216.375, 241.875, 156.75, 101.9375, 210.25, 148.75, 75.5], [121.6875, 11.1796875, 0.0, 13.6015625, 154.75, 208.0, 154.25, 196.0, 114.75, 231.25, 158.25, 206.25, 120.5625, 166.0, 207.25, 232.875, 145.5, 95.625, 202.625, 137.75, 64.3125], [124.0625, 10.0, 13.6015625, 0.0, 156.25, 206.125, 148.625, 199.0, 110.5, 233.875, 159.25, 205.0, 117.625, 170.25, 209.5, 234.75, 155.5, 93.125, 202.0, 145.5, 74.1875], [34.0, 163.5, 154.75, 156.25, 0.0, 67.25, 80.125, 46.5, 70.4375, 78.75, 6.32421875, 62.0, 57.3125, 36.25, 54.09375, 78.5625, 107.8125, 70.6875, 53.59375, 73.9375, 111.9375], [97.5, 214.875, 208.0, 206.125, 67.25, 0.0, 75.125, 72.125, 98.625, 75.875, 61.125, 7.80859375, 89.0625, 92.1875, 63.0, 65.5, 172.75, 113.0, 19.796875, 139.5, 175.625], [84.9375, 158.375, 154.25, 148.625, 80.125, 75.125, 0.0, 118.375, 41.125, 139.375, 75.9375, 78.5625, 42.15625, 116.3125, 118.0625, 132.5, 176.25, 63.625, 83.4375, 143.5, 143.875], [75.0, 205.5, 196.0, 199.0, 46.5, 72.125, 118.375, 0.0, 116.3125, 35.59375, 46.875, 64.375, 103.1875, 34.1875, 15.03125, 40.5, 113.0, 117.0, 52.34375, 84.375, 145.0], [58.3125, 119.875, 114.75, 110.5, 70.4375, 98.625, 41.125, 116.3125, 0.0, 145.25, 69.4375, 99.0, 13.15625, 102.375, 121.125, 141.75, 146.0, 22.796875, 99.0, 115.75, 103.75], [109.8125, 240.625, 231.25, 233.875, 78.75, 75.875, 139.375, 35.59375, 145.25, 0.0, 77.4375, 68.6875, 132.375, 68.9375, 24.703125, 12.8046875, 142.5, 149.125, 58.84375, 117.0, 180.625], [38.625, 166.75, 158.25, 159.25, 6.32421875, 61.125, 75.9375, 46.875, 69.4375, 77.4375, 0.0, 56.03125, 56.28125, 41.0625, 52.78125, 76.1875, 114.125, 71.6875, 48.0625, 80.25, 117.0625], [93.375, 213.5, 206.25, 205.0, 62.0, 7.80859375, 78.5625, 64.375, 99.0, 68.6875, 56.03125, 0.0, 88.75, 85.25, 55.21875, 58.6875, 166.25, 112.0625, 12.0390625, 133.25, 171.875], [47.5, 126.625, 120.5625, 117.625, 57.3125, 89.0625, 42.15625, 103.1875, 13.15625, 132.375, 56.28125, 88.75, 0.0, 89.6875, 108.1875, 129.25, 137.375, 25.0, 87.8125, 106.0, 102.1875], [49.71875, 176.0, 166.0, 170.25, 36.25, 92.1875, 116.3125, 34.1875, 102.375, 68.9375, 41.0625, 85.25, 89.6875, 0.0, 48.75, 74.6875, 82.0625, 96.875, 74.0, 51.09375, 112.0], [85.5625, 216.375, 207.25, 209.5, 54.09375, 63.0, 118.0625, 15.03125, 121.125, 24.703125, 52.78125, 55.21875, 108.1875, 48.75, 0.0, 26.421875, 128.0, 124.4375, 43.5625, 99.3125, 158.25], [111.1875, 241.875, 232.875, 234.75, 78.5625, 65.5, 132.5, 40.5, 141.75, 12.8046875, 76.1875, 58.6875, 129.25, 74.6875, 26.421875, 0.0, 151.5, 147.5, 50.0, 124.4375, 184.75], [91.375, 156.75, 145.5, 155.5, 107.8125, 172.75, 176.25, 113.0, 146.0, 142.5, 114.125, 166.25, 137.375, 82.0625, 128.0, 151.5, 0.0, 128.5, 155.5, 34.0, 81.375], [48.0, 101.9375, 95.625, 93.125, 70.6875, 113.0, 63.625, 117.0, 22.796875, 149.125, 71.6875, 112.0625, 25.0, 96.875, 124.4375, 147.5, 128.5, 0.0, 109.875, 100.4375, 81.0], [86.375, 210.25, 202.625, 202.0, 53.59375, 19.796875, 83.4375, 52.34375, 99.0, 58.84375, 48.0625, 12.0390625, 87.8125, 74.0, 43.5625, 50.0, 155.5, 109.875, 0.0, 122.8125, 165.0], [58.90625, 148.75, 137.75, 145.5, 73.9375, 139.5, 143.5, 84.375, 115.75, 117.0, 80.25, 133.25, 106.0, 51.09375, 99.3125, 124.4375, 34.0, 100.4375, 122.8125, 0.0, 75.3125], [78.5625, 75.5, 64.3125, 74.1875, 111.9375, 175.625, 143.875, 145.0, 103.75, 180.625, 117.0625, 171.875, 102.1875, 112.0, 158.25, 184.75, 81.375, 81.0, 165.0, 75.3125, 0.0]], "angleGap": [[0.0, 0.05078125, 0.05859375, 2.830078125, 2.443359375, 1.6044921875, 3.015625, 1.15625, 3.099609375, 2.7109375, 2.51171875, 1.298828125, 2.63671875, 3.1328125, 3.068359375, 1.533203125, 0.76953125, 2.62109375, 1.673828125, 0.544921875], [0.05078125, 0.0, 0.109375, 2.880859375, 2.494140625, 1.6552734375, 2.96484375, 1.20703125, 3.048828125, 2.76171875, 2.5625, 1.349609375, 2.5859375, 3.099609375, 3.119140625, 1.482421875, 0.8203125, 2.671875, 1.619140625, 0.494140625], [0.05859375, 0.109375, 0.0, 2.771484375, 2.384765625, 1.5458984375, 3.07421875, 1.09765625, 3.125, 2.65234375, 2.453125, 1.240234375, 2.6953125, 3.07421875, 3.009765625, 1.591796875, 0.7109375, 2.5625, 1.728515625, 0.603515625], [2.830078125, 2.880859375, 2.771484375, 0.0, 0.38720703125, 1.2255859375, 0.437255859375, 1.673828125, 0.353271484375, 0.119140625, 0.31787109375, 1.53125, 0.81640625, 0.303466796875, 0.238037109375, 1.919921875, 2.060546875, 0.20849609375, 1.78125, 2.908203125], [2.443359375, 2.494140625, 2.384765625, 0.38720703125, 0.0, 0.837890625, 0.82470703125, 1.2861328125, 0.74072265625, 0.26806640625, 0.06951904296875, 1.1435546875, 1.2041015625, 0.69091796875, 0.62548828125, 2.306640625, 1.6728515625, 0.1787109375, 2.16796875, 2.98828125], [1.6044921875, 1.6552734375, 1.5458984375, 1.2255859375, 0.837890625, 0.0, 1.662109375, 0.4482421875, 1.578125, 1.1064453125, 0.90771484375, 0.3056640625, 2.04296875, 1.529296875, 1.462890625, 3.138671875, 0.8349609375, 1.0166015625, 3.0078125, 2.1484375], [3.015625, 2.96484375, 3.07421875, 0.437255859375, 0.82470703125, 1.662109375, 0.0, 2.111328125, 0.083984375, 0.556640625, 0.7548828125, 1.96875, 0.37939453125, 0.1337890625, 0.19921875, 1.482421875, 2.498046875, 0.6455078125, 1.34375, 2.470703125], [1.15625, 1.20703125, 1.09765625, 1.673828125, 1.2861328125, 0.4482421875, 2.111328125, 0.0, 2.02734375, 1.5546875, 1.35546875, 0.142578125, 2.490234375, 1.9765625, 1.912109375, 2.689453125, 0.38671875, 1.46484375, 2.828125, 1.701171875], [3.099609375, 3.048828125, 3.125, 0.353271484375, 0.74072265625, 1.578125, 0.083984375, 2.02734375, 0.0, 0.472412109375, 0.6708984375, 1.884765625, 0.46337890625, 0.0498046875, 0.115234375, 1.56640625, 2.4140625, 0.5615234375, 1.427734375, 2.5546875], [2.7109375, 2.76171875, 2.65234375, 0.119140625, 0.26806640625, 1.1064453125, 0.556640625, 1.5546875, 0.472412109375, 0.0, 0.1986083984375, 1.412109375, 0.935546875, 0.422607421875, 0.357177734375, 2.0390625, 1.94140625, 0.08935546875, 1.900390625, 3.02734375], [2.51171875, 2.5625, 2.453125, 0.31787109375, 0.06951904296875, 0.90771484375, 0.7548828125, 1.35546875, 0.6708984375, 0.1986083984375, 0.0, 1.212890625, 1.134765625, 0.62109375, 0.5556640625, 2.23828125, 1.7421875, 0.1092529296875, 2.099609375, 3.056640625], [1.298828125, 1.349609375, 1.240234375, 1.53125, 1.1435546875, 0.3056640625, 1.96875, 0.142578125, 1.884765625, 1.412109375, 1.212890625, 0.0, 2.34765625, 1.833984375, 1.76953125, 2.83203125, 0.529296875, 1.322265625, 2.970703125, 1.84375], [2.63671875, 2.5859375, 2.6953125, 0.81640625, 1.2041015625, 2.04296875, 0.37939453125, 2.490234375, 0.46337890625, 0.935546875, 1.134765625, 2.34765625, 0.0, 0.51318359375, 0.57861328125, 1.103515625, 2.876953125, 1.025390625, 0.96484375, 2.091796875], [3.1328125, 3.099609375, 3.07421875, 0.303466796875, 0.69091796875, 1.529296875, 0.1337890625, 1.9765625, 0.0498046875, 0.422607421875, 0.62109375, 1.833984375, 0.51318359375, 0.0, 0.0654296875, 1.6171875, 2.36328125, 0.51171875, 1.478515625, 2.60546875], [3.068359375, 3.119140625, 3.009765625, 0.238037109375, 0.62548828125, 1.462890625, 0.19921875, 1.912109375, 0.115234375, 0.357177734375, 0.5556640625, 1.76953125, 0.57861328125, 0.0654296875, 0.0, 1.681640625, 2.298828125, 0.446533203125, 1.54296875, 2.669921875], [1.533203125, 1.482421875, 1.591796875, 1.919921875, 2.306640625, 3.138671875, 1.482421875, 2.689453125, 1.56640625, 2.0390625, 2.23828125, 2.83203125, 1.103515625, 1.6171875, 1.681640625, 0.0, 2.302734375, 2.12890625, 0.138671875, 0.986328125], [0.76953125, 0.8203125, 0.7109375, 2.060546875, 1.6728515625, 0.8349609375, 2.498046875, 0.38671875, 2.4140625, 1.94140625, 1.7421875, 0.529296875, 2.876953125, 2.36328125, 2.298828125, 2.302734375, 0.0, 1.8515625, 2.44140625, 