{"name": "LZB_n20_12", "n": 20, "m": 3, "times": [[0.0, 117.125, 91.0625, 59.46875, 108.4375, 114.3125, 83.5, 50.34375, 55.53125, 33.625, 73.125, 54.59375, 91.0625, 115.625, 69.125, 101.5625, 58.125, 67.1875, 54.21875, 102.625, 5.09765625], [117.125, 0.0, 45.1875, 108.5, 192.875, 140.0, 196.75, 99.1875, 165.125, 86.3125, 181.125, 119.125, 205.375, 177.875, 94.1875, 49.96875, 85.25, 120.5, 160.125, 149.25, 121.6875], [91.0625, 45.1875, 0.0, 65.875, 186.375, 95.3125, 174.5, 94.125, 129.875, 69.0, 162.625, 113.4375, 171.375, 133.0, 98.0625, 75.4375, 44.03125, 76.9375, 142.25, 154.75, 96.125], [59.46875, 108.5, 65.875, 0.0, 167.875, 55.90625, 133.0, 97.0, 71.3125, 66.5625, 128.125, 108.9375, 112.25, 73.1875, 111.625, 119.4375, 23.53125, 13.0390625, 111.6875, 157.625, 63.5625], [108.4375, 192.875, 186.375, 167.875, 0.0, 221.5, 68.9375, 94.3125, 129.5, 117.75, 53.34375, 74.25, 131.125, 212.375, 99.75, 151.5, 164.5, 174.5, 59.03125, 58.6875, 104.25], [114.3125, 140.0, 95.3125, 55.90625, 221.5, 0.0, 178.75, 152.375, 107.5625, 121.5, 177.75, 164.875, 141.625, 50.21875, 166.0, 165.125, 70.8125, 47.15625, 163.75, 213.625, 117.875], [83.5, 196.75, 174.5, 133.0, 68.9375, 178.75, 0.0, 104.625, 73.4375, 110.5625, 21.1875, 90.0, 63.28125, 157.5, 120.125, 169.125, 139.5, 135.0, 38.9375, 110.0, 78.4375], [50.34375, 99.1875, 94.125, 97.0, 94.3125, 152.375, 104.625, 0.0, 104.25, 31.140625, 86.0625, 20.09375, 134.375, 163.125, 19.109375, 64.5625, 83.75, 108.1875, 65.8125, 62.96875, 51.0], [55.53125, 165.125, 129.875, 71.3125, 129.5, 107.5625, 73.4375, 104.25, 0.0, 88.25, 78.125, 102.8125, 41.625, 84.625, 123.3125, 156.375, 86.8125, 68.4375, 71.875, 145.5, 53.59375], [33.625, 86.3125, 69.0, 66.5625, 117.75, 121.5, 110.5625, 31.140625, 88.25, 0.0, 95.875, 47.0, 124.6875, 135.375, 45.1875, 68.125, 52.625, 78.3125, 74.9375, 93.8125, 37.1875], [73.125, 181.125, 162.625, 128.125, 53.34375, 177.75, 21.1875, 86.0625, 78.125, 95.875, 0.0, 70.0625, 78.4375, 162.375, 100.4375, 150.625, 131.0, 132.0, 21.03125, 89.125, 68.0625], [54.59375, 119.125, 113.4375, 108.9375, 74.25, 164.875, 90.0, 20.09375, 102.8125, 47.0, 70.0625, 0.0, 127.75, 170.125, 30.40625, 81.8125, 98.8125, 118.9375, 51.3125, 48.84375, 53.3125], [91.0625, 205.375, 171.375, 112.25, 131.125, 141.625, 63.28125, 134.375, 41.625, 124.6875, 78.4375, 127.75, 0.0, 107.25, 153.125, 192.375, 128.5, 107.9375, 83.3125, 162.5, 87.6875], [115.625, 177.875, 133.0, 73.1875, 212.375, 50.21875, 157.5, 163.125, 84.625, 135.375, 162.375, 170.125, 107.25, 0.0, 180.0, 192.625, 96.0, 60.125, 153.5, 218.0, 117.375], [69.125, 94.1875, 98.0625, 111.625, 99.75, 166.0, 120.125, 19.109375, 123.3125, 45.1875, 100.4375, 30.40625, 153.125, 180.0, 0.0, 52.3125, 95.75, 123.5, 81.1875, 57.0, 70.0], [101.5625, 49.96875, 75.4375, 119.4375, 151.5, 165.125, 169.125, 64.5625, 156.375, 68.125, 150.625, 81.8125, 192.375, 192.625, 52.3125, 0.0, 97.1875, 132.5, 130.25, 102.3125, 104.6875], [58.125, 85.25, 44.03125, 23.53125, 164.5, 70.8125, 139.5, 83.75, 86.8125, 52.625, 131.0, 98.8125, 128.5, 96.0, 95.75, 97.1875, 0.0, 36.21875, 112.375, 146.375, 63.0625], [67.1875, 120.5, 76.9375, 13.0390625, 174.5, 47.15625, 135.0, 108.1875, 68.4375, 78.3125, 132.0, 118.9375, 107.9375, 60.125, 123.5, 132.5, 36.21875, 0.0, 117.0, 167.75, 70.75], [54.21875, 160.125, 142.25, 111.6875, 59.03125, 163.75, 38.9375, 65.8125, 71.875, 74.9375, 21.03125, 51.3125, 83.3125, 153.5, 81.1875, 130.25, 112.375, 117.0, 0.0, 79.1875, 49.375], [102.625, 149.25, 154.75, 157.625, 58.6875, 213.625, 110.0, 62.96875, 145.5, 93.8125, 89.125, 48.84375, 162.5, 218.0, 57.0, 102.3125, 146.375, 167.75, 79.1875, 0.0, 100.6875], [5.09765625, 121.6875, 96.125, 63.5625, 104.25, 117.875, 78.4375, 51.0, 53.59375, 37.1875, 68.0625, 53.3125, 87.6875, 117.375, 70.0, 104.6875, 63.0625, 70.75, 49.375, 100.6875, 0.0]], "angleGap": [[0.0, 0.359130859375, 1.166015625, 2.048828125, 1.2998046875, 2.73828125, 0.99560546875, 2.501953125, 0.34619140625, 2.501953125, 1.37109375, 2.80859375, 1.740234375, 0.93408203125, 0.43896484375, 0.763671875, 1.33203125, 2.353515625, 1.48828125, 2.64453125], [0.359130859375, 0.0, 0.806640625, 2.408203125, 0.9404296875, 3.09765625, 1.3544921875, 2.142578125, 0.705078125, 2.861328125, 1.73046875, 2.44921875, 1.380859375, 1.29296875, 0.7978515625, 0.404541015625, 0.9736328125, 2.712890625, 1.84765625, 3.00390625], [1.166015625, 0.806640625, 0.0, 3.068359375, 0.1337890625, 2.37890625, 2.162109375, 1.3359375, 1.51171875, 2.615234375, 2.537109375, 1.642578125, 0.57373046875, 2.099609375, 1.60546875, 0.40234375, 0.16650390625, 2.763671875, 2.654296875, 2.47265625], [2.048828125, 2.408203125, 3.068359375, 0.0, 2.93359375, 0.689453125, 1.0537109375, 1.732421875, 1.703125, 0.455078125, 0.677734375, 1.423828125, 2.494140625, 1.115234375, 1.6103515625, 2.8125, 2.900390625, 0.3046875, 0.560546875, 0.595703125], [1.2998046875, 0.9404296875, 0.1337890625, 2.93359375, 0.0, 2.244140625, 2.294921875, 1.201171875, 1.646484375, 2.48046875, 2.671875, 1.5078125, 0.43994140625, 2.234375, 1.73828125, 0.5361328125, 0.03271484375, 2.62890625, 2.7890625, 2.337890625], [2.73828125, 3.09765625, 2.37890625, 0.689453125, 2.244140625, 0.0, 1.744140625, 1.04296875, 2.392578125, 0.236328125, 1.369140625, 0.736328125, 1.8046875, 1.806640625, 2.298828125, 2.78125, 2.2109375, 0.384765625, 1.251953125, 0.09375], [0.99560546875, 1.3544921875, 2.162109375, 1.0537109375, 2.294921875, 1.744140625, 0.0, 2.787109375, 0.6494140625, 1.505859375, 0.3759765625, 2.478515625, 2.734375, 0.0615234375, 0.556640625, 1.759765625, 2.328125, 1.3583984375, 0.4931640625, 1.650390625], [2.501953125, 2.142578125, 1.3359375, 1.732421875, 1.201171875, 1.04296875, 2.787109375, 0.0, 2.84765625, 1.279296875, 2.41015625, 0.306640625, 0.76171875, 2.84765625, 2.94140625, 1.73828125, 1.1689453125, 1.427734375, 2.29296875, 1.13671875], [0.34619140625, 0.705078125, 1.51171875, 1.703125, 1.646484375, 2.392578125, 0.6494140625, 2.84765625, 0.0, 2.158203125, 1.025390625, 3.12890625, 2.0859375, 0.587890625, 0.0927734375, 1.109375, 1.6787109375, 2.0078125, 1.142578125, 2.298828125], [2.501953125, 2.861328125, 2.615234375, 0.455078125, 2.48046875, 0.236328125, 1.505859375, 1.279296875, 2.158203125, 0.0, 1.130859375, 0.97265625, 2.041015625, 1.568359375, 2.064453125, 3.017578125, 2.44921875, 0.150390625, 1.013671875, 0.142578125], [1.37109375, 1.73046875, 2.537109375, 0.677734375, 2.671875, 1.369140625, 0.3759765625, 2.41015625, 1.025390625, 1.130859375, 0.0, 2.103515625, 3.111328125, 0.4375, 0.9326171875, 2.134765625, 2.703125, 0.982421875, 0.1171875, 1.275390625], [2.80859375, 2.44921875, 1.642578125, 1.423828125, 1.5078125, 0.736328125, 2.478515625, 0.306640625, 3.12890625, 0.97265625, 2.103515625, 0.0, 1.068359375, 2.541015625, 3.037109375, 2.044921875, 1.4755859375, 1.119140625, 1.986328125, 0.830078125], [1.740234375, 1.380859375, 0.57373046875, 2.494140625, 0.43994140625, 1.8046875, 2.734375, 0.76171875, 2.0859375, 2.041015625, 3.111328125, 1.068359375, 0.0, 2.673828125, 2.1796875, 0.97607421875, 0.4072265625, 2.189453125, 3.0546875, 1.8984375], [0.93408203125, 1.29296875, 2.099609375, 1.115234375, 2.234375, 1.806640625, 0.0615234375, 2.84765625, 0.587890625, 1.568359375, 0.4375, 2.541015625, 2.673828125, 0.0, 0.4951171875, 1.697265625, 2.265625, 1.419921875, 0.5546875, 1.712890625], [0.43896484375, 0.7978515625, 1.60546875, 1.6103515625, 1.73828125, 2.298828125, 0.556640625, 2.94140625, 0.0927734375, 2.064453125, 0.9326171875, 3.037109375, 2.1796875, 0.4951171875, 0.0, 1.203125, 1.771484375, 1.9150390625, 1.0498046875, 2.205078125], [0.763671875, 0.404541015625, 0.40234375, 2.8125, 0.5361328125, 2.78125, 1.759765625, 1.73828125, 1.109375, 3.017578125, 2.134765625, 2.044921875, 0.97607421875, 1.697265625, 1.203125, 0.0, 0.56884765625, 3.1171875, 2.251953125, 2.875], [1.33203125, 0.9736328125, 0.16650390625, 2.900390625, 0.03271484375, 2.2109375, 2.328125, 1.1689453125, 1.6787109375, 2.44921875, 2.703125, 1.4755859375, 0.4072265625, 2.265625, 1.771484375, 