{"name": "LZB_n20_6", "n": 20, "m": 3, "times": [[0.0, 56.875, 89.6875, 45.0, 63.5, 27.59375, 112.4375, 27.65625, 103.75, 78.1875, 107.375, 109.625, 55.4375, 36.125, 85.1875, 86.4375, 82.25, 48.59375, 67.25, 85.0, 32.5625], [56.875, 0.0, 50.25, 101.1875, 77.875, 33.125, 138.25, 67.9375, 116.125, 127.0, 120.125, 163.625, 109.1875, 30.53125, 140.0, 136.5, 139.125, 14.3203125, 46.875, 119.0, 26.25], [89.6875, 50.25, 0.0, 126.0, 68.4375, 76.5625, 187.25, 84.5, 92.5625, 167.25, 96.125, 178.5, 128.0, 53.59375, 174.125, 146.75, 167.0, 64.0, 96.4375, 114.1875, 59.46875], [45.0, 101.1875, 126.0, 0.0, 75.625, 72.375, 119.9375, 42.0, 105.25, 62.625, 107.8125, 65.625, 16.03125, 75.875, 53.3125, 48.5, 41.0625, 93.625, 108.4375, 69.3125, 75.5625], [63.5, 77.875, 68.4375, 75.625, 0.0, 74.75, 175.75, 38.9375, 41.5, 133.125, 45.34375, 114.0, 70.6875, 50.0, 128.875, 81.0625, 114.5625, 82.125, 115.375, 45.96875, 59.0625], [27.59375, 33.125, 76.5625, 72.375, 74.75, 0.0, 112.0, 48.75, 116.1875, 94.0, 120.0625, 137.25, 83.0, 28.59375, 107.1875, 113.4375, 107.8125, 21.9375, 42.59375, 106.375, 19.109375], [112.4375, 138.25, 187.25, 119.9375, 175.75, 112.0, 0.0, 137.875, 215.0, 66.1875, 218.375, 167.125, 135.625, 139.75, 95.1875, 165.25, 117.1875, 123.9375, 99.4375, 187.375, 130.875], [27.65625, 67.9375, 84.5, 42.0, 38.9375, 48.75, 137.875, 0.0, 77.1875, 94.6875, 80.625, 97.125, 44.0, 38.40625, 93.375, 68.5625, 83.0, 65.0, 91.25, 58.125, 42.0], [103.75, 116.125, 92.5625, 105.25, 41.5, 116.1875, 215.0, 77.1875, 0.0, 166.875, 4.0, 122.8125, 95.1875, 90.5625, 157.25, 90.8125, 138.625, 122.1875, 156.25, 44.71875, 100.0], [78.1875, 127.0, 167.25, 62.625, 133.125, 94.0, 66.1875, 94.6875, 166.875, 0.0, 169.75, 101.0, 76.3125, 113.75, 29.734375, 102.125, 51.03125, 114.1875, 108.625, 131.875, 108.1875], [107.375, 120.125, 96.125, 107.8125, 45.34375, 120.0625, 218.375, 80.625, 4.0, 169.75, 0.0, 123.3125, 97.375, 94.5, 159.5, 91.6875, 140.5, 126.1875, 160.25, 45.59375, 103.9375], [109.625, 163.625, 178.5, 65.625, 114.0, 137.25, 167.125, 97.125, 122.8125, 101.0, 123.3125, 0.0, 54.5625, 135.375, 73.5625, 33.25, 50.0, 157.75, 174.0, 78.25, 137.375], [55.4375, 109.1875, 128.0, 16.03125, 70.6875, 83.0, 135.625, 44.0, 95.1875, 76.3125, 97.375, 54.5625, 0.0, 81.5, 62.1875, 33.0, 44.28125, 103.25, 121.4375, 55.96875, 83.0], [36.125, 30.53125, 53.59375, 75.875, 50.0, 28.59375, 139.75, 38.40625, 90.5625, 113.75, 94.5, 135.375, 81.5, 0.0, 121.0625, 106.875, 115.9375, 32.125, 65.75, 88.75, 9.8515625], [85.1875, 140.0, 174.125, 53.3125, 128.875, 107.1875, 95.1875, 93.375, 157.25, 29.734375, 159.5, 73.5625, 62.1875, 121.0625, 0.0, 80.75, 24.359375, 128.875, 130.125, 117.5, 117.625], [86.4375, 136.5, 146.75, 48.5, 81.0625, 113.4375, 165.25, 68.5625, 90.8125, 102.125, 91.6875, 33.25, 33.0, 106.875, 80.75, 0.0, 57.1875, 132.5, 153.375, 46.09375, 110.375], [82.25, 139.125, 167.0, 41.0625, 114.5625, 107.8125, 117.1875, 83.0, 138.625, 51.03125, 140.5, 50.0, 44.28125, 115.9375, 24.359375, 57.1875, 0.0, 129.75, 137.5, 96.8125, 114.5], [48.59375, 14.3203125, 64.0, 93.625, 82.125, 21.9375, 123.9375, 65.0, 122.1875, 114.1875, 126.1875, 157.75, 103.25, 32.125, 128.875, 132.5, 129.75, 0.0, 35.46875, 119.875, 24.046875], [67.25, 46.875, 96.4375, 108.4375, 115.375, 42.59375, 99.4375, 91.25, 156.25, 108.625, 160.25, 174.0, 121.4375, 65.75, 130.125, 153.375, 137.5, 35.46875, 0.0, 149.0, 56.3125], [85.0, 119.0, 114.1875, 69.3125, 45.96875, 106.375, 187.375, 58.125, 44.71875, 131.875, 45.59375, 78.25, 55.96875, 88.75, 117.5, 46.09375, 96.8125, 119.875, 149.0, 0.0, 95.8125], [32.5625, 26.25, 59.46875, 75.5625, 59.0625, 19.109375, 130.875, 42.0, 100.0, 108.1875, 103.9375, 137.375, 83.0, 9.8515625, 117.625, 110.375, 114.5, 24.046875, 56.3125, 95.8125, 0.0]], "angleGap": [[0.0, 0.5390625, 2.9140625, 1.404296875, 0.39453125, 1.826171875, 1.76953125, 1.52734375, 2.439453125, 1.544921875, 2.75390625, 2.669921875, 0.5, 2.796875, 2.5078125, 3.0859375, 0.22265625, 0.75732421875, 1.962890625, 0.2314453125], [0.5390625, 0.0, 2.375, 0.865234375, 0.93359375, 2.365234375, 1.23046875, 0.98828125, 2.978515625, 1.005859375, 2.212890625, 2.130859375, 0.0390625, 2.947265625, 1.970703125, 2.658203125, 0.76171875, 1.296875, 1.423828125, 0.3076171875], [2.9140625, 2.375, 0.0, 1.509765625, 2.974609375, 1.54296875, 1.142578125, 1.384765625, 0.9296875, 1.369140625, 0.16015625, 0.244140625, 2.4140625, 0.5732421875, 0.40625, 0.2841796875, 3.13671875, 2.611328125, 0.951171875, 2.681640625], [1.404296875, 0.865234375, 1.509765625, 0.0, 1.798828125, 3.052734375, 0.365234375, 0.123046875, 2.439453125, 0.140625, 1.349609375, 1.267578125, 0.904296875, 2.083984375, 1.103515625, 1.794921875, 1.626953125, 2.162109375, 0.55859375, 1.1728515625], [0.39453125, 0.93359375, 2.974609375, 1.798828125, 0.0, 1.431640625, 2.1640625, 1.921875, 2.044921875, 1.939453125, 3.134765625, 3.064453125, 0.89453125, 2.40234375, 2.90234375, 2.69140625, 0.171875, 0.36279296875, 2.357421875, 0.6259765625], [1.826171875, 2.365234375, 1.54296875, 3.052734375, 1.431640625, 0.0, 2.6875, 2.9296875, 0.61328125, 2.912109375, 1.703125, 1.787109375, 2.326171875, 0.9697265625, 1.94921875, 1.2587890625, 1.603515625, 1.068359375, 2.494140625, 2.05859375], [1.76953125, 1.23046875, 1.142578125, 0.365234375, 2.1640625, 2.6875, 0.0, 0.2421875, 2.072265625, 0.224609375, 0.986328125, 0.900390625, 1.26953125, 1.716796875, 0.736328125, 1.427734375, 1.9921875, 2.52734375, 0.193359375, 1.5380859375], [1.52734375, 0.98828125, 1.384765625, 0.123046875, 1.921875, 2.9296875, 0.2421875, 0.0, 2.31640625, 0.017578125, 1.228515625, 1.142578125, 1.02734375, 1.958984375, 0.978515625, 1.669921875, 1.75, 2.28515625, 0.435546875, 1.2958984375], [2.439453125, 2.978515625, 0.9296875, 2.439453125, 2.044921875, 0.61328125, 2.072265625, 2.31640625, 0.0, 2.298828125, 1.08984375, 1.173828125, 2.939453125, 0.3564453125, 1.3359375, 0.6455078125, 2.216796875, 1.681640625, 1.880859375, 2.671875], [1.544921875, 1.005859375, 1.369140625, 0.140625, 1.939453125, 2.912109375, 0.224609375, 0.017578125, 2.298828125, 0.0, 1.208984375, 1.126953125, 1.044921875, 1.943359375, 0.962890625, 1.654296875, 1.767578125, 2.302734375, 0.41796875, 1.3134765625], [2.75390625, 2.212890625, 0.16015625, 1.349609375, 3.134765625, 1.703125, 0.986328125, 1.228515625, 1.08984375, 1.208984375, 0.0, 0.083984375, 2.251953125, 0.7333984375, 0.24609375, 0.4443359375, 2.9765625, 2.771484375, 0.791015625, 2.521484375], [2.669921875, 2.130859375, 0.244140625, 1.267578125, 3.064453125, 1.787109375, 0.900390625, 1.142578125, 1.173828125, 1.126953125, 0.083984375, 0.0, 2.169921875, 0.8173828125, 0.162109375, 0.5283203125, 2.892578125, 2.85546875, 0.705078125, 2.439453125], [0.5, 0.0390625, 2.4140625, 0.904296875, 0.89453125, 2.326171875, 1.26953125, 1.02734375, 2.939453125, 1.044921875, 2.251953125, 2.169921875, 0.0, 2.986328125, 2.009765625, 2.697265625, 0.72265625, 1.2578125, 1.462890625, 0.2685546875], [2.796875, 2.947265625, 0.5732421875, 2.083984375, 2.40234375, 0.9697265625, 1.716796875, 1.958984375, 0.3564453125, 1.943359375, 0.7333984375, 0.8173828125, 2.986328125, 0.0, 0.9794921875, 0.2890625, 2.57421875, 2.0390625, 1.525390625, 3.02734375], [2.5078125, 1.970703125, 0.40625, 1.103515625, 2.90234375, 1.94921875, 0.736328125, 0.978515625, 1.3359375, 0.962890625, 0.24609375, 0.162109375, 2.009765625, 0.9794921875, 0.0, 0.6904296875, 2.73046875, 3.017578125, 0.544921875, 2.275390625], [3.0859375, 2.658203125, 0.2841796875, 1.794921875, 2.69140625, 1.2587890625, 1.427734375, 1.669921875, 0.6455078125, 1.654296875, 0.4443359375, 0.5283203125, 2.697265625, 0.2890625, 0.6904296875, 0.0, 2.86328125, 2.328125, 1.236328125, 2.966796875], [0.22265625, 0.76171875, 3.13671875, 1.626953125, 0.171875, 1.603515625, 1.9921875, 1.75, 2.216796875, 1.767578125, 2.9765625, 2.892578125, 0.72265625, 2.57421875, 2.73046875, 2.86328125, 0.0, 0.53466796875, 2.185546875, 0.4541015625], [0.75732421875, 1.296875, 2.611328125, 2.162109375, 0.36279296875, 1.068359375, 2.52734375, 