{"name": "LZB_n20_2", "n": 20, "m": 3, "times": [[0.0, 83.6875, 51.625, 57.28125, 111.5, 58.40625, 86.6875, 87.0, 100.875, 119.3125, 58.0625, 95.5, 75.8125, 46.8125, 79.3125, 61.71875, 115.4375, 87.6875, 48.0625, 85.375, 89.0], [83.6875, 0.0, 49.8125, 63.6875, 155.625, 112.5625, 77.3125, 29.53125, 163.75, 201.375, 33.25, 30.59375, 133.875, 121.5, 149.0, 144.0, 197.75, 154.125, 38.28125, 55.4375, 20.875], [51.625, 49.8125, 0.0, 72.4375, 106.625, 63.03125, 42.1875, 38.90625, 114.1875, 169.0, 16.765625, 47.84375, 84.1875, 76.3125, 100.8125, 111.9375, 164.75, 105.0625, 39.4375, 85.0625, 44.375], [57.28125, 63.6875, 72.4375, 0.0, 165.0, 112.4375, 114.5, 85.5625, 158.0, 153.125, 63.625, 90.8125, 131.75, 104.0, 136.625, 100.3125, 150.5, 144.875, 34.375, 31.25, 81.0], [111.5, 155.625, 106.625, 165.0, 0.0, 53.15625, 88.0, 135.375, 38.46875, 163.375, 123.3125, 142.5, 38.625, 75.0, 55.03125, 128.25, 158.25, 46.53125, 140.375, 187.0, 144.375], [58.40625, 112.5625, 63.03125, 112.4375, 53.15625, 0.0, 65.8125, 99.125, 51.25, 134.25, 79.3125, 107.6875, 21.375, 31.046875, 39.9375, 86.6875, 129.25, 42.4375, 90.5, 136.125, 106.375], [86.6875, 77.3125, 42.1875, 114.5, 88.0, 65.8125, 0.0, 51.0, 109.4375, 194.375, 52.84375, 56.65625, 81.875, 92.125, 104.9375, 140.375, 189.75, 105.125, 80.75, 124.0, 60.90625], [87.0, 29.53125, 38.90625, 85.5625, 135.375, 99.125, 51.0, 0.0, 149.375, 206.125, 29.0625, 8.9453125, 119.5, 115.1875, 138.25, 148.625, 202.125, 141.625, 53.15625, 83.6875, 10.0], [100.875, 163.75, 114.1875, 158.0, 38.46875, 51.25, 109.4375, 149.375, 0.0, 127.125, 130.5, 157.625, 30.015625, 55.4375, 24.40625, 99.375, 122.0625, 14.2109375, 140.125, 184.25, 157.0], [119.3125, 201.375, 169.0, 153.125, 163.375, 134.25, 194.375, 206.125, 127.125, 0.0, 177.375, 214.75, 130.75, 103.75, 108.6875, 57.625, 5.09765625, 116.8125, 163.5, 183.75, 208.375], [58.0625, 33.25, 16.765625, 63.625, 123.3125, 79.3125, 52.84375, 29.0625, 130.5, 177.375, 0.0, 37.46875, 100.625, 90.0, 116.25, 119.75, 173.375, 121.0, 29.28125, 71.25, 31.390625], [95.5, 30.59375, 47.84375, 90.8125, 142.5, 107.6875, 56.65625, 8.9453125, 157.625, 214.75, 37.46875, 0.0, 127.875, 124.0625, 147.0, 157.25, 210.75, 150.125, 59.625, 86.0, 10.0], [75.8125, 133.875, 84.1875, 131.75, 38.625, 21.375, 81.875, 119.5, 30.015625, 130.75, 100.625, 127.875, 0.0, 36.40625, 24.84375, 90.5625, 125.6875, 23.265625, 111.4375, 156.5, 127.125], [46.8125, 121.5, 76.3125, 104.0, 75.0, 31.046875, 92.125, 115.1875, 55.4375, 103.75, 90.0, 124.0625, 36.40625, 0.0, 32.65625, 56.09375, 98.875, 41.625, 91.1875, 132.0, 120.5], [79.3125, 149.0, 100.8125, 136.625, 55.03125, 39.9375, 104.9375, 138.25, 24.40625, 108.6875, 116.25, 147.0, 24.84375, 32.65625, 0.0, 75.625, 103.5625, 10.296875, 121.8125, 164.125, 145.0], [61.71875, 144.0, 111.9375, 100.3125, 128.25, 86.6875, 140.375, 148.625, 99.375, 57.625, 119.75, 157.25, 90.5625, 56.09375, 75.625, 0.0, 53.8125, 85.8125, 106.5, 131.5, 150.75], [115.4375, 197.75, 164.75, 150.5, 158.25, 129.25, 189.75, 202.125, 122.0625, 5.09765625, 173.375, 210.75, 125.6875, 98.875, 103.5625, 53.8125, 0.0, 111.75, 160.0, 181.375, 204.5], [87.6875, 154.125, 105.0625, 144.875, 46.53125, 42.4375, 105.125, 141.625, 14.2109375, 116.8125, 121.0, 150.125, 23.265625, 41.625, 10.296875, 85.8125, 111.75, 0.0, 128.5, 171.875, 148.75], [48.0625, 38.28125, 39.4375, 34.375, 140.375, 90.5, 80.75, 53.15625, 140.125, 163.5, 29.28125, 59.625, 111.4375, 91.1875, 121.8125, 106.5, 160.0, 128.5, 0.0, 46.875, 50.53125], [85.375, 55.4375, 85.0625, 31.25, 187.0, 136.125, 124.0, 83.6875, 184.25, 183.75, 71.25, 86.0, 156.5, 132.0, 164.125, 131.5, 181.375, 171.875, 46.875, 0.0, 76.125], [89.0, 20.875, 44.375, 81.0, 144.375, 106.375, 60.90625, 10.0, 157.0, 208.375, 31.390625, 10.0, 127.125, 120.5, 145.0, 150.75, 204.5, 148.75, 50.53125, 76.125, 0.0]], "angleGap": [[0.0, 0.58984375, 0.861328125, 1.830078125, 1.8046875, 0.9423828125, 0.345703125, 2.1796875, 2.880859375, 0.306640625, 0.318359375, 1.990234375, 2.361328125, 2.30859375, 2.8671875, 2.91015625, 2.236328125, 0.220703125, 0.666015625, 0.234375], [0.58984375, 0.0, 1.455078125, 1.240234375, 1.21484375, 0.3525390625, 0.244140625, 1.5908203125, 2.8125, 0.283203125, 0.271484375, 1.400390625, 1.7724609375, 1.7197265625, 2.826171875, 2.783203125, 1.6474609375, 0.810546875, 1.259765625, 0.35546875], [0.861328125, 1.455078125, 0.0, 2.693359375, 2.66796875, 1.806640625, 1.208984375, 3.044921875, 2.01953125, 1.169921875, 1.181640625, 2.853515625, 3.05859375, 3.111328125, 2.00390625, 2.046875, 3.099609375, 0.642578125, 0.1953125, 1.095703125], [1.830078125, 1.240234375, 2.693359375, 0.0, 0.02587890625, 0.8876953125, 1.484375, 0.3505859375, 1.5712890625, 1.5234375, 1.51171875, 0.16064453125, 0.5322265625, 0.479248046875, 1.5859375, 1.54296875, 0.406982421875, 2.05078125, 2.498046875, 1.595703125], [1.8046875, 1.21484375, 2.66796875, 0.02587890625, 0.0, 0.86181640625, 1.458984375, 0.37646484375, 1.59765625, 1.498046875, 1.486328125, 0.1865234375, 0.5576171875, 0.5048828125, 1.611328125, 1.5693359375, 0.432861328125, 2.025390625, 2.47265625, 1.5703125], [0.9423828125, 0.3525390625, 1.806640625, 0.8876953125, 0.86181640625, 0.0, 0.5966796875, 1.23828125, 2.458984375, 0.6357421875, 0.6240234375, 1.048828125, 1.419921875, 1.3671875, 2.47265625, 2.431640625, 1.294921875, 1.1630859375, 1.611328125, 0.7080078125], [0.345703125, 0.244140625, 1.208984375, 1.484375, 1.458984375, 0.5966796875, 0.0, 1.8349609375, 3.0546875, 0.0390625, 0.02734375, 1.64453125, 2.015625, 1.9638671875, 3.0703125, 3.02734375, 1.8916015625, 0.56640625, 1.013671875, 0.111328125], [2.1796875, 1.5908203125, 3.044921875, 0.3505859375, 0.37646484375, 1.23828125, 1.8349609375, 0.0, 1.220703125, 1.8740234375, 1.8623046875, 0.18994140625, 0.181396484375, 0.128662109375, 1.2353515625, 1.193359375, 0.056396484375, 2.40234375, 2.849609375, 1.9462890625], [2.880859375, 2.8125, 2.01953125, 1.5712890625, 1.59765625, 2.458984375, 3.0546875, 1.220703125, 0.0, 3.09375, 3.08203125, 1.41015625, 1.0390625, 1.091796875, 0.0146484375, 0.02783203125, 1.1640625, 2.662109375, 2.21484375, 3.115234375], [0.306640625, 0.283203125, 1.169921875, 1.5234375, 1.498046875, 0.6357421875, 0.0390625, 1.8740234375, 3.09375, 0.0, 0.01171875, 1.68359375, 2.0546875, 2.001953125, 3.109375, 3.06640625, 1.9306640625, 0.52734375, 0.974609375, 0.072265625], [0.318359375, 0.271484375, 1.181640625, 1.51171875, 1.486328125, 0.6240234375, 0.02734375, 1.8623046875, 3.08203125, 0.01171875, 0.0, 1.671875, 2.04296875, 1.9912109375, 3.09765625, 3.0546875, 1.9189453125, 0.5390625, 0.986328125, 0.083984375], [1.990234375, 1.400390625, 2.853515625, 0.16064453125, 0.1865234375, 1.048828125, 1.64453125, 0.18994140625, 1.41015625, 1.68359375, 1.671875, 0.0, 0.371337890625, 0.318603515625, 1.42578125, 1.3828125, 0.246337890625, 2.2109375, 2.658203125, 1.755859375], [2.361328125, 1.7724609375, 3.05859375, 0.5322265625, 0.5576171875, 1.419921875, 2.015625, 0.181396484375, 1.0390625, 2.0546875, 2.04296875, 0.371337890625, 0.0, 0.052734375, 1.0537109375, 1.01171875, 0.125, 2.58203125, 3.029296875, 2.126953125], [2.30859375, 1.7197265625, 3.111328125, 0.479248046875, 0.5048828125, 1.3671875, 1.9638671875, 0.128662109375, 1.091796875, 2.001953125, 1.9912109375, 0.318603515625, 0.052734375, 0.0, 1.1064453125, 1.064453125, 0.072265625, 2.529296875, 2.9765625, 2.07421875], [2.8671875, 2.826171875, 2.00390625, 1.5859375, 1.611328125, 2.47265625, 3.0703125, 1.2353515625, 0.0146484375, 3.109375, 3.09765625, 1.42578125, 1.0537109375, 1.1064453125, 0.0, 0.04248046875, 1.1787109375, 2.646484375, 2.19921875, 3.1015625], [2.91015625, 2.783203125, 2.046875, 1.54296875, 1.5693359375, 2.431640625, 3.02734375, 1.193359375, 0.02783203125, 3.06640625, 3.0546875, 1.3828125, 1.01171875, 1.064453125, 0.04248046875, 0.0, 1.13671875, 2.689453125, 2.2421875, 3.138671875], [2.236328125, 1.6474609375, 3.099609375, 0.406982421875, 0.432861328125, 1.294921875, 1.8916015625, 0.056396484375, 1.1640625, 1.9306640625, 1.9189453125, 