{"name": "LZB_n20_3", "n": 20, "m": 3, "times": [[0.0, 31.109375, 90.1875, 33.375, 26.25, 76.5625, 111.0625, 75.4375, 67.9375, 81.375, 77.6875, 88.375, 88.25, 82.25, 105.125, 73.8125, 75.4375, 3.60546875, 96.1875, 104.0625, 93.875], [31.109375, 0.0, 59.6875, 61.28125, 42.28125, 71.5, 142.125, 98.0, 38.09375, 50.34375, 76.875, 104.5625, 105.3125, 107.6875, 135.625, 87.9375, 60.90625, 30.609375, 91.9375, 135.125, 120.1875], [90.1875, 59.6875, 0.0, 120.8125, 99.75, 105.375, 200.375, 154.75, 36.21875, 19.3125, 114.75, 140.75, 157.625, 165.875, 195.25, 123.9375, 61.03125, 90.125, 98.75, 193.25, 169.5], [33.375, 61.28125, 120.8125, 0.0, 25.546875, 75.0, 87.3125, 43.96875, 93.5, 109.375, 71.4375, 101.4375, 61.03125, 49.0, 75.75, 90.6875, 108.0625, 32.0, 124.625, 80.9375, 90.25], [26.25, 42.28125, 99.75, 25.546875, 0.0, 54.125, 112.875, 55.71875, 69.625, 86.4375, 53.3125, 112.3125, 64.3125, 66.125, 100.4375, 98.75, 98.25, 22.796875, 121.9375, 106.5, 110.25], [76.5625, 71.5, 105.375, 75.0, 54.125, 0.0, 157.625, 76.0, 69.25, 86.5625, 10.7734375, 164.875, 65.625, 91.5, 138.75, 150.25, 131.625, 73.0, 163.375, 152.125, 164.0], [111.0625, 142.125, 200.375, 87.3125, 112.875, 157.625, 0.0, 89.0, 178.375, 192.5, 151.125, 109.0, 111.25, 75.25, 28.171875, 112.125, 167.75, 111.9375, 165.0, 7.2109375, 64.125], [75.4375, 98.0, 154.75, 43.96875, 55.71875, 76.0, 89.0, 0.0, 122.25, 140.0, 67.25, 140.625, 23.40625, 15.65625, 65.5, 132.0, 150.875, 73.1875, 168.5, 85.125, 118.5], [67.9375, 38.09375, 36.21875, 93.5, 69.625, 69.25, 178.375, 122.25, 0.0, 18.25, 78.5, 139.0, 123.0, 134.625, 169.25, 122.0, 75.3125, 66.625, 112.75, 171.5, 158.125], [81.375, 50.34375, 19.3125, 109.375, 86.4375, 86.5625, 192.5, 140.0, 18.25, 0.0, 96.1875, 143.75, 141.25, 152.125, 184.875, 126.5625, 70.875, 80.625, 109.1875, 185.5, 167.375], [77.6875, 76.875, 114.75, 71.4375, 53.3125, 10.7734375, 151.125, 67.25, 78.5, 96.1875, 0.0, 165.5, 55.3125, 82.875, 131.125, 151.5, 137.625, 74.125, 167.875, 145.875, 161.5], [88.375, 104.5625, 140.75, 101.4375, 112.3125, 164.875, 109.0, 140.625, 139.0, 143.75, 165.5, 0.0, 161.25, 137.875, 124.75, 17.125, 85.0625, 91.9375, 63.8125, 103.125, 47.3125], [88.25, 105.3125, 157.625, 61.03125, 64.3125, 65.625, 111.25, 23.40625, 123.0, 141.25, 55.3125, 161.25, 0.0, 36.0, 86.1875, 151.5, 162.5, 85.375, 184.0, 107.8125, 141.5], [82.25, 107.6875, 165.875, 49.0, 66.125, 91.5, 75.25, 15.65625, 134.625, 152.125, 82.875, 137.875, 36.0, 0.0, 50.5, 131.0, 157.0, 80.5, 171.5, 72.0, 111.0625], [105.125, 135.625, 195.25, 75.75, 100.4375, 138.75, 28.171875, 65.5, 169.25, 184.875, 131.125, 124.75, 86.1875, 50.5, 0.0, 124.3125, 170.875, 105.125, 174.375, 28.3125, 84.5], [73.8125, 87.9375, 123.9375, 90.6875, 98.75, 150.25, 112.125, 132.0, 122.0, 126.5625, 151.5, 17.125, 151.5, 131.0, 124.3125, 0.0, 69.625, 77.4375, 53.84375, 105.6875, 55.5625], [75.4375, 60.90625, 61.03125, 108.0625, 98.25, 131.625, 167.75, 150.875, 75.3125, 70.875, 137.625, 85.0625, 162.5, 157.0, 170.875, 69.625, 0.0, 77.8125, 38.3125, 160.625, 122.375], [3.60546875, 30.609375, 90.125, 32.0, 22.796875, 73.0, 111.9375, 73.1875, 66.625, 80.625, 74.125, 91.9375, 85.375, 80.5, 105.125, 77.4375, 77.8125, 0.0, 99.375, 105.0, 96.625], [96.1875, 91.9375, 98.75, 124.625, 121.9375, 163.375, 165.0, 168.5, 112.75, 109.1875, 167.875, 63.8125, 184.0, 171.5, 174.375, 53.84375, 38.3125, 99.375, 0.0, 158.25, 109.125], [104.0625, 135.125, 193.25, 80.9375, 106.5, 152.125, 7.2109375, 85.125, 171.5, 185.5, 145.875, 103.125, 107.8125, 72.0, 28.3125, 105.6875, 160.625, 105.0, 158.25, 0.0, 59.1875], [93.875, 120.1875, 169.5, 90.25, 110.25, 164.0, 64.125, 118.5, 158.125, 167.375, 161.5, 47.3125, 141.5, 111.0625, 84.5, 55.5625, 122.375, 96.625, 109.125, 59.1875, 0.0]], "angleGap": [[0.0, 0.15771484375, 2.505859375, 1.6513671875, 1.2021484375, 3.109375, 2.25, 0.20947265625, 0.04296875, 1.3408203125, 1.974609375, 2.0078125, 2.4296875, 2.91796875, 1.86328125, 0.8916015625, 1.373046875, 1.2734375, 3.09375, 2.49609375], [0.15771484375, 0.0, 2.6640625, 1.80859375, 1.359375, 2.951171875, 2.408203125, 0.3671875, 0.20068359375, 1.498046875, 1.81640625, 2.166015625, 2.5859375, 3.076171875, 1.705078125, 0.73388671875, 1.53125, 1.115234375, 2.935546875, 2.337890625], [2.505859375, 2.6640625, 0.0, 0.8544921875, 1.3037109375, 0.66796875, 0.255859375, 2.296875, 2.462890625, 1.1650390625, 1.802734375, 0.4970703125, 0.0771484375, 0.412109375, 1.916015625, 2.884765625, 1.1328125, 2.50390625, 0.68359375, 1.28125], [1.6513671875, 1.80859375, 0.8544921875, 0.0, 0.44921875, 1.5224609375, 0.5986328125, 1.44140625, 1.6083984375, 0.310546875, 2.658203125, 0.357421875, 0.77734375, 1.2666015625, 2.767578125, 2.54296875, 0.2783203125, 2.92578125, 1.5380859375, 2.13671875], [1.2021484375, 1.359375, 1.3037109375, 0.44921875, 0.0, 1.9716796875, 1.0478515625, 0.99267578125, 1.1591796875, 0.138671875, 3.107421875, 0.806640625, 1.2265625, 1.7158203125, 3.06640625, 2.09375, 0.1708984375, 2.4765625, 1.9873046875, 2.5859375], [3.109375, 2.951171875, 0.66796875, 1.5224609375, 1.9716796875, 0.0, 0.923828125, 2.96484375, 3.130859375, 1.8330078125, 1.134765625, 1.1650390625, 0.7451171875, 0.255859375, 1.244140625, 2.216796875, 1.80078125, 1.837890625, 0.015625, 0.61328125], [2.25, 2.408203125, 0.255859375, 0.5986328125, 1.0478515625, 0.923828125, 0.0, 2.041015625, 2.20703125, 0.9091796875, 2.056640625, 0.2412109375, 0.1787109375, 0.66796875, 2.169921875, 3.140625, 0.876953125, 2.759765625, 0.939453125, 1.537109375], [0.20947265625, 0.3671875, 2.296875, 1.44140625, 0.99267578125, 2.96484375, 2.041015625, 0.0, 0.16650390625, 1.130859375, 2.18359375, 1.798828125, 2.21875, 2.708984375, 2.072265625, 1.1015625, 1.1640625, 1.482421875, 2.98046875, 2.705078125], [0.04296875, 0.20068359375, 2.462890625, 1.6083984375, 1.1591796875, 3.130859375, 2.20703125, 0.16650390625, 0.0, 1.2978515625, 2.017578125, 1.9658203125, 2.38671875, 2.875, 1.90625, 0.9345703125, 1.330078125, 1.31640625, 3.13671875, 2.5390625], [1.3408203125, 1.498046875, 1.1650390625, 0.310546875, 0.138671875, 1.8330078125, 0.9091796875, 1.130859375, 1.2978515625, 0.0, 2.966796875, 0.66796875, 1.087890625, 1.5771484375, 3.080078125, 2.232421875, 0.0322265625, 2.61328125, 1.8486328125, 2.4453125], [1.974609375, 1.81640625, 1.802734375, 2.658203125, 3.107421875, 1.134765625, 2.056640625, 2.18359375, 2.017578125, 2.966796875, 0.0, 2.298828125, 1.880859375, 1.392578125, 0.111328125, 1.0830078125, 2.935546875, 0.701171875, 1.119140625, 0.521484375], [2.0078125, 2.166015625, 0.4970703125, 0.357421875, 0.806640625, 1.1650390625, 0.2412109375, 1.798828125, 1.9658203125, 0.66796875, 2.298828125, 0.0, 0.419921875, 0.9091796875, 2.412109375, 2.900390625, 0.6357421875, 3.001953125, 1.1806640625, 1.7783203125], [2.4296875, 2.5859375, 0.0771484375, 0.77734375, 1.2265625, 0.7451171875, 0.1787109375, 2.21875, 2.38671875, 1.087890625, 1.880859375, 0.419921875, 0.0, 0.4892578125, 1.990234375, 2.962890625, 1.0556640625, 2.580078125, 0.7607421875, 1.3583984375], [2.91796875, 3.076171875, 0.412109375, 1.2666015625, 1.7158203125, 0.255859375, 0.66796875, 2.708984375, 2.875, 1.5771484375, 1.392578125, 0.9091796875, 0.4892578125, 0.0, 1.501953125, 2.474609375, 1.544921875, 2.091796875, 0.271484375, 0.869140625], [1.86328125, 1.705078125, 1.916015625, 2.767578125, 3.06640625, 1.244140625, 2.169921875, 2.072265625, 1.90625, 3.080078125, 0.111328125, 2.412109375, 1.990234375, 1.501953125, 0.0, 0.9716796875, 3.046875, 0.58984375, 1.228515625, 0.634765625], [0.8916015625, 0.73388671875, 2.884765625, 2.54296875, 2.09375, 2.216796875, 3.140625, 1.1015625, 0.9345703125, 2.232421875, 1.0830078125, 2.900390625, 2.962890625, 2.474609375, 0.9716796875, 0.0, 2.265625, 0.3818359375, 2.201171875, 1.603515625], [1.373046875, 1.53125, 1.1328125, 0.2783203125, 0.1708984375, 1.80078125, 0.876953125, 1.1640625, 1.330078125, 0.0322265625, 2.935546875, 0.6357421875, 1.0556640625, 1.544921875, 3.046875, 2.265625, 0.0, 2.646484375, 1.81640625, 2.4140625], [1.2734375, 1.115234375, 