{"name": "LZB_n20_10", "n": 20, "m": 3, "times": [[0.0, 90.4375, 87.5625, 84.0625, 35.21875, 105.5, 100.25, 94.3125, 95.5, 58.6875, 88.375, 39.0, 41.625, 56.75, 78.6875, 100.375, 36.5, 22.0, 65.75, 48.0625, 93.9375], [90.4375, 0.0, 19.234375, 163.75, 116.375, 105.0, 95.0, 165.875, 167.125, 110.4375, 113.875, 102.875, 70.5625, 113.75, 33.59375, 87.6875, 56.03125, 68.5625, 153.25, 47.0, 39.0], [87.5625, 19.234375, 0.0, 166.375, 108.6875, 86.1875, 110.5625, 153.875, 172.25, 117.625, 125.875, 92.625, 76.875, 120.125, 49.03125, 103.8125, 51.15625, 65.75, 146.5, 40.0, 20.09375], [84.0625, 163.75, 166.375, 0.0, 91.25, 185.5, 119.0625, 129.375, 21.21875, 60.8125, 86.75, 110.4375, 94.0625, 55.4375, 139.5, 125.25, 118.0625, 102.875, 79.75, 129.75, 176.25], [35.21875, 116.375, 108.6875, 91.25, 0.0, 96.6875, 135.125, 59.15625, 108.25, 87.6875, 120.3125, 21.46875, 76.875, 84.1875, 111.0, 135.5, 60.53125, 51.03125, 38.0625, 69.625, 109.0], [105.5, 105.0, 86.1875, 185.5, 96.6875, 0.0, 181.5, 105.5, 199.75, 161.25, 184.125, 75.75, 127.8125, 160.625, 126.875, 177.125, 86.125, 95.875, 127.5, 80.375, 68.9375], [100.25, 95.0, 110.5625, 119.0625, 135.125, 181.5, 0.0, 194.125, 110.1875, 60.75, 34.125, 136.875, 59.78125, 66.5625, 61.71875, 8.9453125, 97.1875, 93.1875, 157.75, 101.125, 129.75], [94.3125, 165.875, 153.875, 129.375, 59.15625, 105.5, 194.125, 0.0, 149.875, 144.0, 177.75, 63.875, 135.875, 139.75, 166.875, 194.625, 113.4375, 107.625, 49.65625, 119.625, 147.75], [95.5, 167.125, 172.25, 21.21875, 108.25, 199.75, 110.1875, 149.875, 0.0, 58.0625, 76.375, 126.0625, 96.5625, 53.84375, 140.0, 117.375, 126.625, 111.8125, 100.3125, 137.875, 183.875], [58.6875, 110.4375, 117.625, 60.8125, 87.6875, 161.25, 60.75, 144.0, 58.0625, 0.0, 34.46875, 97.3125, 40.8125, 5.83203125, 82.0, 65.75, 78.25, 65.75, 101.625, 88.0625, 131.75], [88.375, 113.875, 125.875, 86.75, 120.3125, 184.125, 34.125, 177.75, 76.375, 34.46875, 0.0, 127.3125, 56.3125, 39.65625, 80.9375, 42.0, 98.0625, 89.125, 136.125, 105.5, 143.125], [39.0, 102.875, 92.625, 110.4375, 21.46875, 75.75, 136.875, 63.875, 126.0625, 97.3125, 127.3125, 0.0, 77.1875, 94.875, 103.25, 135.875, 49.59375, 45.28125, 57.5625, 56.09375, 90.4375], [41.625, 70.5625, 76.875, 94.0625, 76.875, 127.8125, 59.78125, 135.875, 96.5625, 40.8125, 56.3125, 77.1875, 0.0, 43.40625, 46.03125, 59.03125, 41.75, 34.0625, 104.625, 49.65625, 91.25], [56.75, 113.75, 120.125, 55.4375, 84.1875, 160.625, 66.5625, 139.75, 53.84375, 5.83203125, 39.65625, 94.875, 43.40625, 0.0, 86.125, 71.5625, 78.875, 65.75, 96.625, 89.125, 133.5], [78.6875, 33.59375, 49.03125, 139.5, 111.0, 126.875, 61.71875, 166.875, 140.0, 82.0, 80.9375, 103.25, 46.03125, 86.125, 0.0, 54.78125, 54.03125, 60.0, 144.5, 51.4375, 68.6875], [100.375, 87.6875, 103.8125, 125.25, 135.5, 177.125, 8.9453125, 194.625, 117.375, 65.75, 42.0, 135.875, 59.03125, 71.5625, 54.78125, 0.0, 94.0625, 91.375, 160.0, 97.0625, 123.3125], [36.5, 56.03125, 51.15625, 118.0625, 60.53125, 86.125, 97.1875, 113.4375, 126.625, 78.25, 98.0625, 49.59375, 41.75, 78.875, 54.03125, 94.0625, 0.0, 15.234375, 97.25, 11.703125, 58.1875], [22.0, 68.5625, 65.75, 102.875, 51.03125, 95.875, 93.1875, 107.625, 111.8125, 65.75, 89.125, 45.28125, 34.0625, 65.75, 60.0, 91.375, 15.234375, 0.0, 85.8125, 26.921875, 73.4375], [65.75, 153.25, 146.5, 79.75, 38.0625, 127.5, 157.75, 49.65625, 100.3125, 101.625, 136.125, 57.5625, 104.625, 96.625, 144.5, 160.0, 97.25, 85.8125, 0.0, 107.0625, 147.0], [48.0625, 47.0, 40.0, 129.75, 69.625, 80.375, 101.125, 119.625, 137.875, 88.0625, 105.5, 56.09375, 49.65625, 89.125, 51.4375, 97.0625, 11.703125, 26.921875, 107.0625, 0.0, 46.53125], [93.9375, 39.0, 20.09375, 176.25, 109.0, 68.9375, 129.75, 147.75, 183.875, 131.75, 143.125, 90.4375, 91.25, 133.5, 68.6875, 123.3125, 58.1875, 73.4375, 147.0, 46.53125, 0.0]], "angleGap": [[0.0, 0.21484375, 2.435546875, 2.2734375, 1.123046875, 1.0380859375, 2.23046875, 2.232421875, 1.623046875, 1.3798828125, 1.6962890625, 0.8564453125, 1.720703125, 0.3740234375, 0.9482421875, 0.265625, 0.1005859375, 2.75, 0.3095703125, 0.4248046875], [0.21484375, 0.0, 2.650390625, 2.05859375, 0.90771484375, 1.2529296875, 2.015625, 2.447265625, 1.837890625, 1.5947265625, 1.4814453125, 1.0712890625, 1.935546875, 0.5888671875, 1.1630859375, 0.05078125, 0.1142578125, 2.53515625, 0.0947265625, 0.2099609375], [2.435546875, 2.650390625, 0.0, 1.57421875, 2.7265625, 1.396484375, 1.619140625, 0.201171875, 0.810546875, 1.056640625, 2.15234375, 1.580078125, 0.71484375, 2.060546875, 1.486328125, 2.701171875, 2.53515625, 1.09765625, 2.744140625, 2.859375], [2.2734375, 2.05859375, 1.57421875, 0.0, 1.15234375, 2.970703125, 0.044921875, 1.775390625, 2.384765625, 2.62890625, 0.578125, 3.130859375, 2.2890625, 2.6484375, 3.060546875, 2.0078125, 2.173828125, 0.4765625, 1.96484375, 1.849609375], [1.123046875, 0.90771484375, 2.7265625, 1.15234375, 0.0, 2.16015625, 1.107421875, 2.927734375, 2.74609375, 2.501953125, 0.57421875, 1.978515625, 2.841796875, 1.49609375, 2.0703125, 0.85693359375, 1.021484375, 1.62890625, 0.81298828125, 0.69775390625], [1.0380859375, 1.2529296875, 1.396484375, 2.970703125, 2.16015625, 0.0, 3.015625, 1.197265625, 0.587890625, 0.341796875, 2.734375, 0.181640625, 0.681640625, 0.6640625, 0.08984375, 1.3037109375, 1.138671875, 2.494140625, 1.34765625, 1.462890625], [2.23046875, 2.015625, 1.619140625, 0.044921875, 1.107421875, 3.015625, 0.0, 1.8203125, 2.4296875, 2.673828125, 0.533203125, 3.0859375, 2.333984375, 2.603515625, 3.10546875, 1.9638671875, 2.12890625, 0.521484375, 1.919921875, 1.8046875], [2.232421875, 2.447265625, 0.201171875, 1.775390625, 2.927734375, 1.197265625, 1.8203125, 0.0, 0.609375, 0.853515625, 2.353515625, 1.376953125, 0.513671875, 1.861328125, 1.283203125, 2.498046875, 2.333984375, 1.298828125, 2.54296875, 2.658203125], [1.623046875, 1.837890625, 0.810546875, 2.384765625, 2.74609375, 0.587890625, 2.4296875, 0.609375, 0.0, 0.244140625, 2.962890625, 0.767578125, 0.095703125, 1.251953125, 0.673828125, 1.888671875, 1.724609375, 1.908203125, 1.931640625, 2.048828125], [1.3798828125, 1.5947265625, 1.056640625, 2.62890625, 2.501953125, 0.341796875, 2.673828125, 0.853515625, 0.244140625, 0.0, 3.076171875, 0.5234375, 0.337890625, 1.005859375, 0.431640625, 1.6455078125, 1.48046875, 2.150390625, 1.689453125, 1.8046875], [1.6962890625, 1.4814453125, 2.15234375, 0.578125, 0.57421875, 2.734375, 0.533203125, 2.353515625, 2.962890625, 3.076171875, 0.0, 2.552734375, 2.8671875, 2.0703125, 2.64453125, 1.4306640625, 1.595703125, 1.0546875, 1.38671875, 1.271484375], [0.8564453125, 1.0712890625, 1.580078125, 3.130859375, 1.978515625, 0.181640625, 3.0859375, 1.376953125, 0.767578125, 0.5234375, 2.552734375, 0.0, 0.861328125, 0.482421875, 0.091796875, 1.1220703125, 0.95703125, 2.67578125, 1.166015625, 1.28125], [1.720703125, 1.935546875, 0.71484375, 2.2890625, 2.841796875, 0.681640625, 2.333984375, 0.513671875, 0.095703125, 0.337890625, 2.8671875, 0.861328125, 0.0, 1.345703125, 0.771484375, 1.986328125, 1.822265625, 1.8125, 2.029296875, 2.142578125], [0.3740234375, 0.5888671875, 2.060546875, 2.6484375, 1.49609375, 0.6640625, 2.603515625, 1.861328125, 1.251953125, 1.005859375, 2.0703125, 0.482421875, 1.345703125, 0.0, 0.57421875, 0.6396484375, 0.474609375, 3.125, 0.68359375, 0.798828125], [0.9482421875, 1.1630859375, 1.486328125, 3.060546875, 2.0703125, 0.08984375, 3.10546875, 1.283203125, 0.673828125, 0.431640625, 2.64453125, 0.091796875, 0.771484375, 0.57421875, 0.0, 1.2138671875, 1.048828125, 2.583984375, 1.2578125, 1.373046875], [0.265625, 0.05078125, 2.701171875, 2.0078125, 0.85693359375, 1.3037109375, 1.9638671875, 2.498046875, 1.888671875, 1.6455078125, 1.4306640625, 1.1220703125, 1.986328125, 0.6396484375, 1.2138671875, 0.0, 0.1650390625, 2.484375, 0.0439453125, 0.1591796875], [0.1005859375, 0.1142578125, 2.53515625, 2.173828125, 1.021484375, 1.138671875, 2.12890625, 2.333984375, 1.724609375, 1.48046875, 1.595703125, 0.95703125, 1.822265625, 0.474609375, 1.048828125, 0.1650390625, 0.0, 