{"name": "LZB_n20_7", "n": 20, "m": 3, "times": [[0.0, 89.0, 15.03125, 53.75, 45.28125, 90.4375, 75.0625, 77.875, 77.5, 94.8125, 53.75, 91.375, 64.4375, 86.125, 88.1875, 69.0, 75.0, 67.0625, 21.09375, 70.5625, 111.5], [89.0, 0.0, 101.8125, 49.03125, 105.75, 31.390625, 75.6875, 87.0, 160.0, 115.9375, 87.0625, 84.75, 86.0, 79.0625, 144.125, 54.0, 92.5625, 136.75, 104.6875, 64.0, 200.25], [15.03125, 101.8125, 0.0, 68.75, 36.71875, 105.0625, 76.9375, 91.4375, 72.8125, 90.125, 52.03125, 105.5, 77.625, 100.4375, 76.6875, 84.0, 73.25, 53.65625, 23.859375, 85.375, 98.625], [53.75, 49.03125, 68.75, 0.0, 88.75, 38.09375, 86.5625, 44.78125, 113.875, 121.6875, 81.625, 50.25, 39.21875, 43.875, 132.875, 17.890625, 97.1875, 116.8125, 62.65625, 24.765625, 162.375], [45.28125, 105.75, 36.71875, 88.75, 0.0, 119.0625, 53.25, 121.5625, 104.25, 54.75, 25.609375, 133.75, 108.75, 127.9375, 44.375, 106.3125, 42.71875, 31.046875, 60.53125, 110.5, 109.5625], [90.4375, 31.390625, 105.0625, 38.09375, 119.0625, 0.0, 100.625, 61.84375, 150.875, 140.125, 105.5625, 56.0, 64.875, 51.09375, 161.25, 31.90625, 115.6875, 149.125, 100.75, 40.3125, 200.375], [75.0625, 75.6875, 76.9375, 86.5625, 53.25, 100.625, 0.0, 130.125, 149.75, 40.25, 27.78125, 136.75, 120.9375, 130.375, 75.9375, 103.25, 18.25, 79.375, 96.0, 111.3125, 162.75], [77.875, 87.0, 91.4375, 44.78125, 121.5625, 61.84375, 130.125, 0.0, 105.3125, 162.625, 120.9375, 16.5, 14.140625, 15.0, 165.625, 33.0625, 138.875, 144.875, 73.8125, 23.015625, 167.375], [77.5, 160.0, 72.8125, 113.875, 104.25, 150.875, 149.75, 105.3125, 0.0, 158.75, 124.3125, 121.625, 93.5, 119.9375, 130.125, 120.4375, 145.125, 102.875, 57.28125, 115.375, 69.25], [94.8125, 115.9375, 90.125, 121.6875, 54.75, 140.125, 40.25, 162.625, 158.75, 0.0, 42.1875, 171.5, 151.75, 165.25, 48.90625, 139.25, 24.703125, 65.4375, 113.3125, 146.25, 154.0], [53.75, 87.0625, 52.03125, 81.625, 25.609375, 105.5625, 27.78125, 120.9375, 124.3125, 42.1875, 0.0, 130.625, 109.6875, 124.375, 57.09375, 99.5, 21.375, 53.84375, 73.5625, 105.6875, 135.125], [91.375, 84.75, 105.5, 50.25, 133.75, 56.0, 136.75, 16.5, 121.625, 171.5, 130.625, 0.0, 30.0625, 6.40234375, 178.0, 34.125, 147.125, 158.375, 89.25, 25.5, 183.75], [64.4375, 86.0, 77.625, 39.21875, 108.75, 64.875, 120.9375, 14.140625, 93.5, 151.75, 109.6875, 30.0625, 0.0, 26.921875, 152.5, 33.25, 128.375, 131.125, 59.6875, 24.703125, 154.0], [86.125, 79.0625, 100.4375, 43.875, 127.9375, 51.09375, 130.375, 15.0, 119.9375, 165.25, 124.375, 6.40234375, 26.921875, 0.0, 172.25, 27.78125, 140.875, 153.125, 85.0, 19.109375, 180.875], [88.1875, 144.125, 76.6875, 132.875, 44.375, 161.25, 75.9375, 165.625, 130.125, 48.90625, 57.09375, 178.0, 152.5, 172.25, 0.0, 150.5, 58.1875, 27.3125, 99.75, 154.875, 109.8125], [69.0, 54.0, 84.0, 17.890625, 106.3125, 31.90625, 103.25, 33.0625, 120.4375, 139.25, 99.5, 34.125, 33.25, 27.78125, 150.5, 0.0, 114.625, 133.875, 74.3125, 10.046875, 174.0], [75.0, 92.5625, 73.25, 97.1875, 42.71875, 115.6875, 18.25, 138.875, 145.125, 24.703125, 21.375, 147.125, 128.375, 140.875, 58.1875, 114.625, 0.0, 64.5625, 94.9375, 121.8125, 150.875], [67.0625, 136.75, 53.65625, 116.8125, 31.046875, 149.125, 79.375, 144.875, 102.875, 65.4375, 53.84375, 158.375, 131.125, 153.125, 27.3125, 133.875, 64.5625, 0.0, 75.1875, 136.75, 88.625], [21.09375, 104.6875, 23.859375, 62.65625, 60.53125, 100.75, 96.0, 73.8125, 57.28125, 113.3125, 73.5625, 89.25, 59.6875, 85.0, 99.75, 74.3125, 94.9375, 75.1875, 0.0, 73.0, 99.9375], [70.5625, 64.0, 85.375, 24.765625, 110.5, 40.3125, 111.3125, 23.015625, 115.375, 146.25, 105.6875, 25.5, 24.703125, 19.109375, 154.875, 10.046875, 121.8125, 136.75, 73.0, 0.0, 171.75], [111.5, 200.25, 98.625, 162.375, 109.5625, 200.375, 162.75, 167.375, 69.25, 154.0, 135.125, 183.75, 154.0, 180.875, 109.8125, 174.0, 150.875, 88.625, 99.9375, 171.75, 0.0]], "angleGap": [[0.0, 2.54296875, 0.49609375, 1.72265625, 0.349609375, 0.9453125, 1.087890625, 2.578125, 1.3642578125, 1.2275390625, 0.978515625, 1.150390625, 0.935546875, 1.9013671875, 0.650390625, 1.189453125, 2.126953125, 2.330078125, 0.791015625, 3.044921875], [2.54296875, 0.0, 3.0390625, 0.82080078125, 2.892578125, 1.59765625, 2.65234375, 1.162109375, 1.1787109375, 1.3154296875, 2.763671875, 2.58984375, 2.8046875, 0.6416015625, 3.08984375, 1.353515625, 0.416748046875, 1.4091796875, 2.947265625, 0.50146484375], [0.49609375, 3.0390625, 0.0, 2.21875, 0.146484375, 1.44140625, 0.591796875, 2.080078125, 1.8603515625, 1.7236328125, 0.478515625, 0.654296875, 0.439453125, 2.3984375, 0.154296875, 1.685546875, 2.623046875, 1.833984375, 0.298828125, 2.7421875], [1.72265625, 0.82080078125, 2.21875, 0.0, 2.072265625, 0.77685546875, 2.810546875, 1.982421875, 0.35791015625, 0.49462890625, 2.69921875, 2.873046875, 2.658203125, 0.17919921875, 2.373046875, 0.53271484375, 0.404296875, 2.23046875, 2.515625, 1.322265625], [0.349609375, 2.892578125, 0.146484375, 2.072265625, 0.0, 1.294921875, 0.736328125, 2.228515625, 1.7138671875, 1.5771484375, 0.626953125, 0.798828125, 0.587890625, 2.25, 0.30078125, 1.5390625, 2.4765625, 1.982421875, 0.443359375, 2.888671875], [0.9453125, 1.59765625, 1.44140625, 0.77685546875, 1.294921875, 0.0, 2.033203125, 2.759765625, 0.4189453125, 0.2822265625, 1.923828125, 2.095703125, 1.880859375, 0.9560546875, 1.595703125, 0.244140625, 1.181640625, 3.0078125, 1.736328125, 2.099609375], [1.087890625, 2.65234375, 0.591796875, 2.810546875, 0.736328125, 2.033203125, 0.0, 1.490234375, 2.451171875, 2.314453125, 0.111328125, 0.0625, 0.15234375, 2.990234375, 0.439453125, 2.275390625, 3.068359375, 1.2431640625, 0.294921875, 2.150390625], [2.578125, 1.162109375, 2.080078125, 1.982421875, 2.228515625, 2.759765625, 1.490234375, 0.0, 2.33984375, 2.4765625, 1.6015625, 1.427734375, 1.642578125, 1.8037109375, 1.927734375, 2.515625, 1.578125, 0.2470703125, 1.78515625, 0.66064453125], [1.3642578125, 1.1787109375, 1.8603515625, 0.35791015625, 1.7138671875, 0.4189453125, 2.451171875, 2.33984375, 0.0, 0.13671875, 2.341796875, 2.513671875, 2.298828125, 0.537109375, 2.015625, 0.1748046875, 0.76220703125, 2.587890625, 2.158203125, 1.6796875], [1.2275390625, 1.3154296875, 1.7236328125, 0.49462890625, 1.5771484375, 0.2822265625, 2.314453125, 2.4765625, 0.13671875, 0.0, 2.205078125, 2.376953125, 2.162109375, 0.673828125, 1.8779296875, 0.0380859375, 0.89892578125, 2.724609375, 2.021484375, 1.81640625], [0.978515625, 2.763671875, 0.478515625, 2.69921875, 0.626953125, 1.923828125, 0.111328125, 1.6015625, 2.341796875, 2.205078125, 0.0, 0.173828125, 0.041015625, 2.876953125, 0.326171875, 2.166015625, 3.103515625, 1.3544921875, 0.18359375, 2.26171875], [1.150390625, 2.58984375, 0.654296875, 2.873046875, 0.798828125, 2.095703125, 0.0625, 1.427734375, 2.513671875, 2.376953125, 0.173828125, 0.0, 0.21484375, 3.052734375, 0.501953125, 2.33984375, 3.005859375, 1.1806640625, 0.357421875, 2.087890625], [0.935546875, 2.8046875, 0.439453125, 2.658203125, 0.587890625, 1.880859375, 0.15234375, 1.642578125, 2.298828125, 2.162109375, 0.041015625, 0.21484375, 0.0, 2.837890625, 0.283203125, 2.126953125, 3.0625, 1.3955078125, 0.142578125, 2.302734375], [1.9013671875, 0.6416015625, 2.3984375, 0.17919921875, 2.25, 0.9560546875, 2.990234375, 1.8037109375, 0.537109375, 0.673828125, 2.876953125, 3.052734375, 2.837890625, 0.0, 2.55078125, 0.7119140625, 0.22509765625, 2.05078125, 2.693359375, 1.142578125], [0.650390625, 3.08984375, 0.154296875, 2.373046875, 0.30078125, 1.595703125, 0.439453125, 1.927734375, 2.015625, 1.8779296875, 0.326171875, 0.501953125, 0.283203125, 2.55078125, 0.0, 1.83984375, 2.77734375, 1.681640625, 0.142578125, 2.587890625], [1.189453125, 1.353515625, 1.685546875, 0.53271484375, 1.5390625, 0.244140625, 2.275390625, 2.515625, 0.1748046875, 0.0380859375, 2.166015625, 2.33984375, 2.126953125, 0.7119140625, 1.83984375, 0.0, 0.93701171875, 2.76171875, 1.982421875, 1.85546875], [2.126953125, 0.416748046875, 2.623046875, 0.404296875, 2.4765625, 1.181640625, 3.068359375, 1.578125, 0.76220703125, 0.89892578125, 