{"name": "LZB_n20_1", "n": 20, "m": 3, "times": [[0.0, 72.625, 64.375, 86.8125, 52.09375, 76.9375, 123.9375, 102.8125, 118.125, 128.75, 37.53125, 93.25, 67.125, 83.5625, 58.40625, 80.625, 17.09375, 56.09375, 55.4375, 100.0, 85.0625], [72.625, 0.0, 132.0, 71.8125, 123.0, 54.65625, 168.25, 131.0, 187.625, 65.8125, 42.0, 86.1875, 97.1875, 74.25, 126.8125, 93.75, 89.6875, 68.375, 25.0, 32.0, 134.0], [64.375, 132.0, 0.0, 148.625, 50.96875, 140.625, 145.375, 82.9375, 55.75, 192.375, 101.8125, 111.1875, 66.625, 144.5, 6.32421875, 87.8125, 51.0, 82.5625, 118.875, 153.875, 111.0625], [86.8125, 71.8125, 148.625, 0.0, 114.1875, 17.203125, 114.0, 182.25, 197.5, 72.125, 56.09375, 150.875, 145.125, 6.32421875, 142.375, 150.5, 97.6875, 121.8125, 53.3125, 99.375, 90.4375], [52.09375, 123.0, 50.96875, 114.1875, 0.0, 111.3125, 94.875, 126.125, 85.625, 172.0, 83.0, 136.625, 98.8125, 108.875, 45.875, 118.0, 36.125, 100.5625, 102.3125, 151.75, 60.21875], [76.9375, 54.65625, 140.625, 17.203125, 111.3125, 0.0, 124.6875, 168.0, 191.875, 64.5625, 42.59375, 134.375, 131.0, 20.0, 134.5, 135.125, 89.875, 106.5625, 36.6875, 82.8125, 97.0], [123.9375, 168.25, 145.375, 114.0, 94.875, 124.6875, 0.0, 218.875, 165.125, 186.125, 129.25, 217.0, 187.5, 108.0, 140.625, 203.75, 117.0625, 180.0, 143.25, 200.125, 38.90625], [102.8125, 131.0, 82.9375, 182.25, 126.125, 168.0, 218.875, 0.0, 117.125, 196.375, 126.125, 58.0, 37.125, 180.625, 84.8125, 38.46875, 103.3125, 63.15625, 133.5, 135.75, 181.0], [118.125, 187.625, 55.75, 197.5, 85.625, 191.875, 165.125, 117.125, 0.0, 246.875, 155.625, 159.75, 114.9375, 192.625, 60.8125, 135.25, 102.625, 136.0, 173.375, 209.5, 139.625], [128.75, 65.8125, 192.375, 72.125, 172.0, 64.5625, 186.125, 196.375, 246.875, 0.0, 91.4375, 147.5, 163.0, 78.25, 186.75, 158.5, 144.75, 134.125, 73.5625, 68.125, 161.25], [37.53125, 42.0, 101.8125, 56.09375, 83.0, 42.59375, 129.25, 126.125, 155.625, 91.4375, 0.0, 98.5, 89.0625, 54.75, 95.875, 95.0625, 53.25, 66.5, 19.3125, 73.4375, 93.3125], [93.25, 86.1875, 111.1875, 150.875, 136.625, 134.375, 217.0, 58.0, 159.75, 147.5, 98.5, 0.0, 45.09375, 151.125, 109.6875, 24.734375, 103.0625, 37.1875, 97.75, 81.9375, 178.25], [67.125, 97.1875, 66.625, 145.125, 98.8125, 131.0, 187.5, 37.125, 114.9375, 163.0, 89.0625, 45.09375, 0.0, 143.5, 65.75, 21.21875, 70.4375, 29.15625, 97.1875, 107.0625, 148.875], [83.5625, 74.25, 144.5, 6.32421875, 108.875, 20.0, 108.0, 180.625, 192.625, 78.25, 54.75, 151.125, 143.5, 0.0, 138.125, 149.625, 93.625, 121.0625, 54.21875, 102.8125, 84.125], [58.40625, 126.8125, 6.32421875, 142.375, 45.875, 134.5, 140.625, 84.8125, 60.8125, 186.75, 95.875, 109.6875, 65.75, 138.125, 0.0, 86.875, 44.71875, 79.625, 113.125, 149.375, 105.75], [80.625, 93.75, 87.8125, 150.5, 118.0, 135.125, 203.75, 38.46875, 135.25, 158.5, 95.0625, 24.734375, 21.21875, 149.625, 86.875, 0.0, 87.125, 28.640625, 99.1875, 97.25, 164.875], [17.09375, 89.6875, 51.0, 97.6875, 36.125, 89.875, 117.0625, 103.3125, 102.625, 144.75, 53.25, 103.0625, 70.4375, 93.625, 44.71875, 87.125, 0.0, 66.1875, 71.875, 116.9375, 78.4375], [56.09375, 68.375, 82.5625, 121.8125, 100.5625, 106.5625, 180.0, 63.15625, 136.0, 134.125, 66.5, 37.1875, 29.15625, 121.0625, 79.625, 28.640625, 66.1875, 0.0, 71.0, 78.5, 141.125], [55.4375, 25.0, 118.875, 53.3125, 102.3125, 36.6875, 143.25, 133.5, 173.375, 73.5625, 19.3125, 97.75, 97.1875, 54.21875, 113.125, 99.1875, 71.875, 71.0, 0.0, 57.0, 109.0625], [100.0, 32.0, 153.875, 99.375, 151.75, 82.8125, 200.125, 135.75, 209.5, 68.125, 73.4375, 81.9375, 107.0625, 102.8125, 149.375, 97.25, 116.9375, 78.5, 57.0, 0.0, 166.0], [85.0625, 134.0, 111.0625, 90.4375, 60.21875, 97.0, 38.90625, 181.0, 139.625, 161.25, 93.3125, 178.25, 148.875, 84.125, 105.75, 164.875, 78.4375, 141.125, 109.0625, 166.0, 0.0]], "angleGap": [[0.0, 2.599609375, 0.9189453125, 2.8046875, 0.74609375, 2.01171875, 1.6611328125, 2.771484375, 0.3564453125, 0.44580078125, 1.0673828125, 1.5361328125, 0.98193359375, 2.630859375, 1.3134765625, 3.10546875, 1.0927734375, 0.287109375, 0.1943359375, 2.02734375], [2.599609375, 0.0, 2.765625, 0.880859375, 2.9375, 1.6728515625, 0.939453125, 0.171875, 2.955078125, 3.044921875, 1.533203125, 1.064453125, 2.703125, 0.03125, 1.283203125, 0.580078125, 1.505859375, 2.884765625, 2.404296875, 1.658203125], [0.9189453125, 2.765625, 0.0, 1.884765625, 0.172607421875, 1.0927734375, 2.580078125, 2.59375, 0.5625, 0.472900390625, 1.986328125, 2.455078125, 0.0633544921875, 2.734375, 2.232421875, 2.185546875, 2.01171875, 0.6318359375, 1.11328125, 1.1083984375], [2.8046875, 0.880859375, 1.884765625, 0.0, 2.05859375, 0.7919921875, 1.818359375, 0.708984375, 2.447265625, 2.357421875, 2.412109375, 1.943359375, 1.8212890625, 0.849609375, 2.166015625, 0.30078125, 2.38671875, 2.515625, 2.998046875, 0.77685546875], [0.74609375, 2.9375, 0.172607421875, 2.05859375, 0.0, 1.265625, 2.40625, 2.765625, 0.3896484375, 0.30029296875, 1.8134765625, 2.28125, 0.2359619140625, 2.90625, 2.05859375, 2.359375, 1.8388671875, 0.458984375, 0.9404296875, 1.28125], [2.01171875, 1.6728515625, 1.0927734375, 0.7919921875, 1.265625, 0.0, 2.611328125, 1.5009765625, 1.6552734375, 1.56640625, 3.078125, 2.736328125, 1.029296875, 1.6416015625, 2.958984375, 1.0927734375, 3.10546875, 1.724609375, 2.20703125, 0.01513671875], [1.6611328125, 0.939453125, 2.580078125, 1.818359375, 2.40625, 2.611328125, 0.0, 1.111328125, 2.017578125, 2.107421875, 0.59375, 0.125, 2.642578125, 0.970703125, 0.34765625, 1.517578125, 0.568359375, 1.9482421875, 1.466796875, 2.595703125], [2.771484375, 0.171875, 2.59375, 0.708984375, 2.765625, 1.5009765625, 1.111328125, 0.0, 3.126953125, 3.06640625, 1.705078125, 1.236328125, 2.53125, 0.140625, 1.455078125, 0.408203125, 1.677734375, 3.056640625, 2.576171875, 1.486328125], [0.3564453125, 2.955078125, 0.5625, 2.447265625, 0.3896484375, 1.6552734375, 2.017578125, 3.126953125, 0.0, 0.08935546875, 1.423828125, 1.892578125, 0.62548828125, 2.986328125, 1.669921875, 2.748046875, 1.44921875, 0.0693359375, 0.55078125, 1.669921875], [0.44580078125, 3.044921875, 0.472900390625, 2.357421875, 0.30029296875, 1.56640625, 2.107421875, 3.06640625, 0.08935546875, 0.0, 1.513671875, 1.982421875, 0.5361328125, 3.076171875, 1.759765625, 2.658203125, 1.5390625, 0.15869140625, 0.64013671875, 1.5810546875], [1.0673828125, 1.533203125, 1.986328125, 2.412109375, 1.8134765625, 3.078125, 0.59375, 1.705078125, 1.423828125, 1.513671875, 0.0, 0.46875, 2.048828125, 1.564453125, 0.24609375, 2.111328125, 0.025390625, 1.3544921875, 0.873046875, 3.09375], [1.5361328125, 1.064453125, 2.455078125, 1.943359375, 2.28125, 2.736328125, 0.125, 1.236328125, 1.892578125, 1.982421875, 0.46875, 0.0, 2.517578125, 1.095703125, 0.22265625, 1.642578125, 0.443359375, 1.8232421875, 1.341796875, 2.720703125], [0.98193359375, 2.703125, 0.0633544921875, 1.8212890625, 0.2359619140625, 1.029296875, 2.642578125, 2.53125, 0.62548828125, 0.5361328125, 2.048828125, 2.517578125, 0.0, 2.671875, 2.294921875, 2.123046875, 2.07421875, 0.69482421875, 1.1767578125, 1.044921875], [2.630859375, 0.03125, 2.734375, 0.849609375, 2.90625, 1.6416015625, 0.970703125, 0.140625, 2.986328125, 3.076171875, 1.564453125, 1.095703125, 2.671875, 0.0, 1.314453125, 0.548828125, 1.537109375, 2.916015625, 2.435546875, 1.626953125], [1.3134765625, 1.283203125, 2.232421875, 2.166015625, 2.05859375, 2.958984375, 0.34765625, 1.455078125, 1.669921875, 1.759765625, 0.24609375, 0.22265625, 2.294921875, 1.314453125, 0.0, 1.865234375, 0.220703125, 1.6005859375, 1.119140625, 2.943359375], [3.10546875, 0.580078125, 2.185546875, 0.30078125, 2.359375, 1.0927734375, 1.517578125, 0.408203125, 2.748046875, 2.658203125, 2.111328125, 1.642578125, 2.123046875, 0.548828125, 1.865234375, 0.0, 2.087890625, 2.81640625, 2.984375, 1.078125], [1.0927734375, 1.505859375, 2.01171875, 2.38671875, 1.8388671875, 3.10546875, 0.568359375, 1.677734375, 1.44921875, 1.5390625, 0.025390625, 0.443359375, 2.07421875, 1.537109375, 0.220703125, 2.087890625, 0.0, 1.3798828125, 0.8984375, 