{"name": "LZB_n20_4", "n": 20, "m": 3, "times": [[0.0, 5.65625, 18.4375, 23.34375, 50.03125, 93.625, 92.8125, 95.875, 71.0, 103.25, 68.4375, 91.8125, 85.125, 31.0625, 41.0, 35.90625, 105.875, 65.0, 96.8125, 56.59375, 73.5625], [5.65625, 0.0, 12.8046875, 17.6875, 46.03125, 99.125, 92.1875, 94.5625, 75.6875, 108.9375, 63.78125, 91.0625, 86.4375, 35.5, 37.21875, 31.25, 105.5, 67.375, 102.4375, 51.09375, 79.0625], [18.4375, 12.8046875, 0.0, 5.38671875, 37.375, 111.25, 93.5, 94.25, 86.0, 121.625, 55.0, 89.125, 91.9375, 45.875, 29.546875, 21.375, 107.0625, 75.125, 115.0, 38.46875, 91.8125], [23.34375, 17.6875, 5.38671875, 0.0, 37.15625, 116.5, 91.8125, 91.9375, 91.375, 126.625, 50.03125, 91.5625, 92.0, 51.25, 30.234375, 21.03125, 105.4375, 76.4375, 120.125, 34.53125, 96.25], [50.03125, 46.03125, 37.375, 37.15625, 0.0, 127.6875, 128.125, 127.125, 95.0, 143.375, 74.3125, 60.40625, 129.125, 61.59375, 9.21875, 16.15625, 141.75, 112.375, 134.875, 28.078125, 119.875], [93.625, 99.125, 111.25, 116.5, 127.6875, 0.0, 155.25, 164.0, 36.6875, 24.734375, 160.125, 125.1875, 130.25, 67.25, 119.625, 121.0, 164.25, 106.8125, 13.9296875, 146.125, 45.875], [92.8125, 92.1875, 93.5, 91.8125, 128.125, 155.25, 0.0, 12.0390625, 150.625, 149.75, 70.375, 182.5, 30.890625, 118.0625, 122.0, 112.4375, 13.6015625, 49.15625, 150.0, 112.9375, 112.1875], [95.875, 94.5625, 94.25, 91.9375, 127.125, 164.0, 12.0390625, 0.0, 157.125, 159.625, 64.0, 183.375, 42.71875, 122.9375, 121.6875, 111.875, 19.03125, 59.21875, 159.5, 109.6875, 121.9375], [71.0, 75.6875, 86.0, 91.375, 95.0, 36.6875, 150.625, 157.125, 0.0, 59.21875, 139.5, 88.625, 131.0, 40.25, 87.8125, 91.0625, 161.625, 106.4375, 48.375, 116.625, 60.21875], [103.25, 108.9375, 121.625, 126.625, 143.375, 24.734375, 149.75, 159.625, 59.21875, 0.0, 165.5, 147.625, 122.0, 81.8125, 134.75, 134.625, 157.0, 100.625, 11.046875, 158.75, 37.84375], [68.4375, 63.78125, 55.0, 50.03125, 74.3125, 160.125, 70.375, 64.0, 139.5, 165.5, 0.0, 134.625, 87.3125, 99.3125, 72.25, 62.625, 82.375, 85.0625, 161.0, 50.25, 130.25], [91.8125, 91.0625, 89.125, 91.5625, 60.40625, 125.1875, 182.5, 183.375, 88.625, 147.625, 134.625, 0.0, 177.0, 80.0625, 62.96875, 72.9375, 195.875, 155.875, 137.0, 87.25, 138.875], [85.125, 86.4375, 91.9375, 92.0, 129.125, 130.25, 30.890625, 42.71875, 131.0, 122.0, 87.3125, 177.0, 0.0, 104.125, 121.4375, 112.9375, 35.21875, 24.59375, 123.5, 120.1875, 85.375], [31.0625, 35.5, 45.875, 51.25, 61.59375, 67.25, 118.0625, 122.9375, 40.25, 81.8125, 99.3125, 80.0625, 104.125, 0.0, 53.0, 53.75, 130.375, 80.625, 73.4375, 78.875, 61.40625], [41.0, 37.21875, 29.546875, 30.234375, 9.21875, 119.625, 122.0, 121.6875, 87.8125, 134.75, 72.25, 62.96875, 121.4375, 53.0, 0.0, 10.0, 135.625, 104.0625, 126.375, 30.8125, 110.75], [35.90625, 31.25, 21.375, 21.03125, 16.15625, 121.0, 112.4375, 111.875, 91.0625, 134.625, 62.625, 72.9375, 112.9375, 53.75, 10.0, 0.0, 126.0, 96.5, 126.8125, 25.546875, 108.25], [105.875, 105.5, 107.0625, 105.4375, 141.75, 164.25, 13.6015625, 19.03125, 161.625, 157.0, 82.375, 195.875, 35.21875, 130.375, 135.625, 126.0, 0.0, 57.4375, 158.125, 126.1875, 120.0625], [65.0, 67.375, 75.125, 76.4375, 112.375, 106.8125, 49.15625, 59.21875, 106.4375, 100.625, 85.0625, 155.875, 24.59375, 80.625, 104.0625, 96.5, 57.4375, 0.0, 101.0, 108.125, 63.0625], [96.8125, 102.4375, 115.0, 120.125, 134.875, 13.9296875, 150.0, 159.5, 48.375, 11.046875, 161.0, 137.0, 123.5, 73.4375, 126.375, 126.8125, 158.125, 101.0, 0.0, 151.375, 38.125], [56.59375, 51.09375, 38.46875, 34.53125, 28.078125, 146.125, 112.9375, 109.6875, 116.625, 158.75, 50.25, 87.25, 120.1875, 78.875, 30.8125, 25.546875, 126.1875, 108.125, 151.375, 0.0, 130.125], [73.5625, 79.0625, 91.8125, 96.25, 119.875, 45.875, 112.1875, 121.9375, 60.21875, 37.84375, 130.25, 138.875, 85.375, 61.40625, 110.75, 108.25, 120.0625, 63.0625, 38.125, 130.125, 0.0]], "angleGap": [[0.0, 0.07666015625, 0.03076171875, 0.7451171875, 2.880859375, 1.43359375, 1.310546875, 2.525390625, 3.11328125, 0.580078125, 1.400390625, 1.771484375, 2.419921875, 0.78515625, 0.560546875, 1.470703125, 1.9609375, 3.0234375, 0.2265625, 2.8984375], [0.07666015625, 0.0, 0.107421875, 0.66845703125, 2.8046875, 1.509765625, 1.38671875, 2.44921875, 3.037109375, 0.65673828125, 1.32421875, 1.84765625, 2.34375, 0.70849609375, 0.48388671875, 1.546875, 2.037109375, 2.947265625, 0.14990234375, 2.974609375], [0.03076171875, 0.107421875, 0.0, 0.77587890625, 2.912109375, 1.40234375, 1.279296875, 2.556640625, 3.138671875, 0.54931640625, 1.431640625, 1.740234375, 2.451171875, 0.81591796875, 0.59130859375, 1.439453125, 1.9296875, 3.0546875, 0.25732421875, 2.8671875], [0.7451171875, 0.66845703125, 0.77587890625, 0.0, 2.134765625, 2.1796875, 2.056640625, 1.7802734375, 2.3671875, 1.3251953125, 0.6552734375, 2.517578125, 1.6748046875, 0.03997802734375, 0.184814453125, 2.216796875, 2.70703125, 2.27734375, 0.5185546875, 2.638671875], [2.880859375, 2.8046875, 2.912109375, 2.134765625, 0.0, 1.970703125, 2.091796875, 0.35546875, 0.232421875, 2.822265625, 1.48046875, 1.630859375, 0.4609375, 2.095703125, 2.3203125, 1.931640625, 1.439453125, 0.142578125, 2.654296875, 0.50390625], [1.43359375, 1.509765625, 1.40234375, 2.1796875, 1.970703125, 0.0, 0.123046875, 2.32421875, 1.736328125, 0.853515625, 2.833984375, 0.337890625, 2.4296875, 2.21875, 1.994140625, 0.037109375, 0.52734375, 1.826171875, 1.66015625, 1.462890625], [1.310546875, 1.38671875, 1.279296875, 2.056640625, 2.091796875, 0.123046875, 0.0, 2.447265625, 1.861328125, 0.73046875, 2.7109375, 0.4609375, 2.552734375, 2.095703125, 1.87109375, 0.16015625, 0.650390625, 1.947265625, 1.537109375, 1.587890625], [2.525390625, 2.44921875, 2.556640625, 1.7802734375, 0.35546875, 2.32421875, 2.447265625, 0.0, 0.587890625, 3.10546875, 1.125, 1.986328125, 0.10546875, 1.740234375, 1.96484375, 2.287109375, 1.798828125, 0.498046875, 2.298828125, 0.859375], [3.11328125, 3.037109375, 3.138671875, 2.3671875, 0.232421875, 1.736328125, 1.861328125, 0.587890625, 0.0, 2.58984375, 1.712890625, 1.400390625, 0.693359375, 2.328125, 2.552734375, 1.697265625, 1.208984375, 0.08984375, 2.88671875, 0.271484375], [0.580078125, 0.65673828125, 0.54931640625, 1.3251953125, 2.822265625, 0.853515625, 0.73046875, 3.10546875, 2.58984375, 0.0, 1.98046875, 1.19140625, 3.0, 1.365234375, 1.140625, 0.890625, 1.380859375, 2.6796875, 0.806640625, 2.318359375], [1.400390625, 1.32421875, 1.431640625, 0.6552734375, 1.48046875, 2.833984375, 2.7109375, 1.125, 1.712890625, 1.98046875, 0.0, 3.111328125, 1.01953125, 0.615234375, 0.83984375, 2.87109375, 2.921875, 1.623046875, 1.173828125, 1.984375], [1.771484375, 1.84765625, 1.740234375, 2.517578125, 1.630859375, 0.337890625, 0.4609375, 1.986328125, 1.400390625, 1.19140625, 3.111328125, 0.0, 2.091796875, 2.556640625, 2.33203125, 0.30078125, 0.189453125, 1.486328125, 1.998046875, 1.126953125], [2.419921875, 2.34375, 2.451171875, 1.6748046875, 0.4609375, 2.4296875, 2.552734375, 0.10546875, 0.693359375, 3.0, 1.01953125, 2.091796875, 0.0, 1.634765625, 1.859375, 2.392578125, 1.900390625, 0.603515625, 2.193359375, 0.96484375], [0.78515625, 0.70849609375, 0.81591796875, 0.03997802734375, 2.095703125, 2.21875, 2.095703125, 1.740234375, 2.328125, 1.365234375, 0.615234375, 2.556640625, 1.634765625, 0.0, 0.2247314453125, 2.255859375, 2.74609375, 2.23828125, 0.55859375, 2.599609375], [0.560546875, 0.48388671875, 0.59130859375, 0.184814453125, 2.3203125, 1.994140625, 1.87109375, 1.96484375, 2.552734375, 1.140625, 0.83984375, 2.33203125, 1.859375, 0.2247314453125, 0.0, 2.03125, 2.521484375, 2.462890625, 0.333984375, 2.82421875], [1.470703125, 1.546875, 1.439453125, 2.216796875, 1.931640625, 0.037109375, 0.16015625, 2.287109375, 1.697265625, 0.890625, 2.87109375, 0.30078125, 2.392578125, 2.255859375, 2.03125, 0.0, 0.490234375, 1.791015625, 1.697265625, 1.427734375], [1.9609375, 2.037109375, 1.9296875, 2.70703125, 1.439453125, 0.52734375, 0.650390625, 1.798828125, 1.208984375, 1.380859375, 2.921875, 0.189453125, 1.900390625, 2.74609375, 