{"name": "LZB_n20_8", "n": 20, "m": 3, "times": [[0.0, 78.25, 121.6875, 115.4375, 70.6875, 60.59375, 33.84375, 123.75, 136.5, 26.6875, 83.0, 47.0625, 75.8125, 102.8125, 85.875, 94.0625, 98.4375, 52.0, 95.1875, 17.46875, 49.75], [78.25, 0.0, 198.375, 115.75, 76.125, 81.0, 55.90625, 160.5, 143.75, 99.0625, 137.0, 123.5, 149.875, 137.75, 66.25, 72.8125, 171.75, 78.125, 119.4375, 82.75, 110.3125], [121.6875, 198.375, 0.0, 174.875, 155.125, 141.0, 153.25, 176.125, 177.25, 99.5, 132.5, 87.25, 50.125, 167.75, 179.0, 206.25, 81.375, 136.5, 139.5, 115.875, 120.8125], [115.4375, 115.75, 174.875, 0.0, 47.0, 54.8125, 130.375, 238.75, 28.15625, 106.9375, 198.125, 150.0, 130.125, 217.125, 49.65625, 181.125, 198.875, 63.40625, 35.5, 100.375, 164.875], [70.6875, 76.125, 155.125, 47.0, 0.0, 14.3203125, 83.4375, 192.75, 72.4375, 68.5, 153.625, 110.625, 105.625, 170.875, 24.1875, 135.75, 162.0, 21.09375, 43.40625, 57.875, 120.4375], [60.59375, 81.0, 141.0, 54.8125, 14.3203125, 0.0, 78.3125, 184.0, 77.1875, 55.09375, 143.375, 97.8125, 91.375, 162.625, 38.09375, 134.375, 148.625, 8.6015625, 40.78125, 46.0625, 110.125], [33.84375, 55.90625, 153.25, 130.375, 83.4375, 78.3125, 0.0, 113.25, 155.125, 60.4375, 82.75, 70.8125, 109.125, 90.5625, 90.0, 61.0625, 116.4375, 70.6875, 117.9375, 48.15625, 54.4375], [123.75, 160.5, 176.125, 238.75, 192.75, 184.0, 113.25, 0.0, 260.25, 139.625, 47.15625, 105.6875, 159.75, 22.84375, 202.75, 102.1875, 96.5, 175.5, 218.25, 140.125, 76.625], [136.5, 143.75, 177.25, 28.15625, 72.4375, 77.1875, 155.125, 260.25, 0.0, 123.8125, 217.75, 165.875, 137.25, 239.25, 77.8125, 208.0, 212.0, 85.4375, 43.90625, 120.25, 184.75], [26.6875, 99.0625, 99.5, 106.9375, 68.5, 55.09375, 60.4375, 139.625, 123.8125, 0.0, 94.8125, 43.09375, 51.09375, 120.5625, 89.0625, 120.6875, 93.5625, 47.375, 80.25, 16.40625, 63.0], [83.0, 137.0, 132.5, 198.125, 153.625, 143.375, 82.75, 47.15625, 217.75, 94.8125, 0.0, 58.59375, 112.625, 35.21875, 167.125, 98.625, 58.59375, 134.75, 174.75, 97.8125, 33.28125], [47.0625, 123.5, 87.25, 150.0, 110.625, 97.8125, 70.8125, 105.6875, 165.875, 43.09375, 58.59375, 0.0, 55.4375, 90.5, 129.5, 119.1875, 52.0, 89.75, 122.0625, 53.34375, 35.125], [75.8125, 149.875, 50.125, 130.125, 105.625, 91.375, 109.125, 159.75, 137.25, 51.09375, 112.625, 55.4375, 0.0, 145.75, 129.375, 166.625, 81.375, 86.5625, 95.75, 67.1875, 90.0625], [102.8125, 137.75, 167.75, 217.125, 170.875, 162.625, 90.5625, 22.84375, 239.25, 120.5625, 35.21875, 90.5, 145.75, 0.0, 180.25, 82.375, 92.375, 154.125, 197.875, 119.625, 58.1875], [85.875, 66.25, 179.0, 49.65625, 24.1875, 38.09375, 90.0, 202.75, 77.8125, 89.0625, 167.125, 129.5, 129.375, 180.25, 0.0, 134.125, 181.5, 43.1875, 61.28125, 76.25, 134.5], [94.0625, 72.8125, 206.25, 181.125, 135.75, 134.375, 61.0625, 102.1875, 208.0, 120.6875, 98.625, 119.1875, 166.625, 82.375, 134.125, 0.0, 151.5, 127.875, 175.125, 109.25, 88.75], [98.4375, 171.75, 81.375, 198.875, 162.0, 148.625, 116.4375, 96.5, 212.0, 93.5625, 58.59375, 52.0, 81.375, 92.375, 181.5, 151.5, 0.0, 140.875, 168.375, 105.25, 64.6875], [52.0, 78.125, 136.5, 63.40625, 21.09375, 8.6015625, 70.6875, 175.5, 85.4375, 47.375, 134.75, 89.75, 86.5625, 154.125, 43.1875, 127.875, 140.875, 0.0, 47.4375, 37.5625, 101.5], [95.1875, 119.4375, 139.5, 35.5, 43.40625, 40.78125, 117.9375, 218.25, 43.90625, 80.25, 174.75, 122.0625, 95.75, 197.875, 61.28125, 175.125, 168.375, 47.4375, 0.0, 78.25, 142.125], [17.46875, 82.75, 115.875, 100.375, 57.875, 46.0625, 48.15625, 140.125, 120.25, 16.40625, 97.8125, 53.34375, 67.1875, 119.625, 76.25, 109.25, 105.25, 37.5625, 78.25, 0.0, 64.6875], [49.75, 110.3125, 120.8125, 164.875, 120.4375, 110.125, 54.4375, 76.625, 184.75, 63.0, 33.28125, 35.125, 90.0625, 58.1875, 134.5, 88.75, 64.6875, 101.5, 142.125, 64.6875, 0.0]], "angleGap": [[0.0, 2.88671875, 1.228515625, 1.0673828125, 1.22265625, 0.673828125, 1.798828125, 1.376953125, 2.36328125, 2.033203125, 2.791015625, 2.677734375, 1.712890625, 0.8251953125, 0.85546875, 2.666015625, 1.228515625, 1.5078125, 1.724609375, 2.048828125], [2.88671875, 0.0, 1.658203125, 1.8203125, 1.6640625, 2.72265625, 1.599609375, 1.509765625, 0.5234375, 1.365234375, 0.60595703125, 0.2099609375, 1.681640625, 2.0625, 2.541015625, 0.72900390625, 1.658203125, 1.37890625, 1.1630859375, 1.34765625], [1.228515625, 1.658203125, 0.0, 0.1611328125, 0.005859375, 1.90234375, 3.025390625, 0.14892578125, 1.134765625, 3.0234375, 2.265625, 1.44921875, 2.943359375, 0.4033203125, 2.083984375, 2.38671875, 0.0, 0.279296875, 0.495849609375, 3.005859375], [1.0673828125, 1.8203125, 0.1611328125, 0.0, 0.1552734375, 1.7412109375, 2.865234375, 0.31005859375, 1.2958984375, 3.099609375, 2.42578125, 1.609375, 2.783203125, 0.2421875, 1.9228515625, 2.548828125, 0.1611328125, 0.4404296875, 0.6572265625, 3.115234375], [1.22265625, 1.6640625, 0.005859375, 0.1552734375, 0.0, 1.896484375, 3.01953125, 0.15478515625, 1.140625, 3.029296875, 2.26953125, 1.455078125, 2.9375, 0.3974609375, 2.078125, 2.39453125, 0.005859375, 0.28515625, 0.501953125, 3.01171875], [0.673828125, 2.72265625, 1.90234375, 1.7412109375, 1.896484375, 0.0, 1.123046875, 2.05078125, 3.037109375, 1.357421875, 2.115234375, 2.931640625, 1.041015625, 1.4990234375, 0.181640625, 1.994140625, 1.90234375, 2.181640625, 2.3984375, 1.376953125], [1.798828125, 1.599609375, 3.025390625, 2.865234375, 3.01953125, 1.123046875, 0.0, 3.109375, 2.123046875, 0.234375, 0.9931640625, 1.80859375, 0.08203125, 2.623046875, 0.939453125, 0.8701171875, 3.025390625, 2.978515625, 2.76171875, 0.251953125], [1.376953125, 1.509765625, 0.14892578125, 0.31005859375, 0.15478515625, 2.05078125, 3.109375, 0.0, 0.986328125, 2.875, 2.115234375, 1.2998046875, 3.091796875, 0.55224609375, 2.232421875, 2.23828125, 0.14892578125, 0.13037109375, 0.346923828125, 2.857421875], [2.36328125, 0.5234375, 1.134765625, 1.2958984375, 1.140625, 3.037109375, 2.123046875, 0.986328125, 0.0, 1.888671875, 1.1298828125, 0.313720703125, 2.205078125, 1.5380859375, 3.064453125, 1.2529296875, 1.134765625, 0.85546875, 0.63916015625, 1.87109375], [2.033203125, 1.365234375, 3.0234375, 3.099609375, 3.029296875, 1.357421875, 0.234375, 2.875, 1.888671875, 0.0, 0.7587890625, 1.57421875, 0.31640625, 2.857421875, 1.173828125, 0.6357421875, 3.0234375, 2.744140625, 2.52734375, 0.017578125], [2.791015625, 0.60595703125, 2.265625, 2.42578125, 2.26953125, 2.115234375, 0.9931640625, 2.115234375, 1.1298828125, 0.7587890625, 0.0, 0.81591796875, 1.0751953125, 2.66796875, 1.935546875, 0.123046875, 2.265625, 1.9853515625, 1.7685546875, 0.7412109375], [2.677734375, 0.2099609375, 1.44921875, 1.609375, 1.455078125, 2.931640625, 1.80859375, 1.2998046875, 0.313720703125, 1.57421875, 0.81591796875, 0.0, 1.890625, 1.8515625, 2.75, 0.93896484375, 1.44921875, 1.169921875, 0.953125, 1.556640625], [1.712890625, 1.681640625, 2.943359375, 2.783203125, 2.9375, 1.041015625, 0.08203125, 3.091796875, 2.205078125, 0.31640625, 1.0751953125, 1.890625, 0.0, 2.541015625, 0.861328125, 0.9521484375, 2.943359375, 3.060546875, 2.84375, 0.333984375], [0.8251953125, 2.0625, 0.4033203125, 0.2421875, 0.3974609375, 1.4990234375, 2.623046875, 0.55224609375, 1.5380859375, 2.857421875, 2.66796875, 1.8515625, 2.541015625, 0.0, 1.6806640625, 2.791015625, 0.4033203125, 0.6826171875, 0.8994140625, 2.873046875], [0.85546875, 2.541015625, 2.083984375, 1.9228515625, 2.078125, 0.181640625, 0.939453125, 2.232421875, 3.064453125, 1.173828125, 1.935546875, 2.75, 0.861328125, 1.6806640625, 0.0, 1.810546875, 2.083984375, 2.36328125, 2.580078125, 1.193359375], [2.666015625, 0.72900390625, 2.38671875, 2.548828125, 2.39453125, 1.994140625, 0.8701171875, 2.23828125, 1.2529296875, 0.6357421875, 0.123046875, 0.93896484375, 0.9521484375, 2.791015625, 1.810546875, 0.0, 2.38671875, 2.109375, 1.8916015625, 0.6181640625], [1.228515625, 1.658203125, 0.0, 0.1611328125, 0.005859375, 1.90234375, 3.025390625, 0.14892578125, 1.134765625, 3.0234375, 2.265625, 1.44921875, 2.943359375, 0.4033203125, 2.083984375, 2.38671875, 0.0, 0.279296875, 