{"name": "LZB_n20_9", "n": 20, "m": 3, "times": [[0.0, 43.125, 96.0625, 108.875, 56.625, 94.0, 83.5, 99.0625, 81.125, 85.25, 88.6875, 53.75, 33.625, 80.0625, 105.375, 33.25, 125.25, 41.0625, 99.25, 93.8125, 87.8125], [43.125, 0.0, 62.28125, 117.8125, 76.0, 135.0, 42.15625, 74.4375, 61.03125, 128.25, 125.25, 96.875, 64.3125, 121.75, 147.75, 42.0, 168.375, 77.25, 111.625, 112.625, 47.8125], [96.0625, 62.28125, 0.0, 178.125, 92.1875, 171.0, 64.375, 117.125, 31.390625, 172.375, 152.875, 144.875, 124.5, 161.0, 188.0, 71.6875, 214.75, 135.75, 172.875, 174.75, 71.4375], [108.875, 117.8125, 178.125, 0.0, 165.0, 167.625, 124.25, 83.0, 178.0, 144.875, 177.75, 121.4375, 78.8125, 153.25, 166.125, 140.0, 162.75, 83.1875, 12.1640625, 28.15625, 121.0], [56.625, 76.0, 92.1875, 165.0, 0.0, 81.5, 115.875, 148.125, 63.125, 89.25, 60.8125, 71.4375, 87.0625, 74.3125, 100.25, 34.0625, 131.0, 88.1875, 154.875, 147.625, 122.5], [94.0, 135.0, 171.0, 167.625, 81.5, 0.0, 176.75, 189.5, 144.0, 25.609375, 27.078125, 48.0, 99.25, 15.03125, 20.09375, 101.1875, 54.0, 88.0625, 155.5, 141.375, 181.625], [83.5, 42.15625, 64.375, 124.25, 115.875, 176.75, 0.0, 53.25, 81.4375, 168.625, 167.375, 136.625, 96.0, 163.25, 188.875, 82.5625, 207.5, 110.625, 122.0625, 128.625, 7.6171875], [99.0625, 74.4375, 117.125, 83.0, 148.125, 189.5, 53.25, 0.0, 130.0, 174.625, 187.5, 143.0, 92.5, 174.625, 196.75, 114.5, 207.125, 106.5, 85.0625, 96.875, 47.0], [81.125, 61.03125, 31.390625, 178.0, 63.125, 144.0, 81.4375, 130.0, 0.0, 148.125, 123.9375, 123.5, 113.4375, 135.25, 161.875, 50.5, 190.625, 122.1875, 171.0, 169.875, 89.0625], [85.25, 128.25, 172.375, 144.875, 89.25, 25.609375, 168.625, 174.625, 148.125, 0.0, 48.3125, 32.25, 82.25, 17.71875, 22.359375, 100.6875, 42.5, 69.25, 132.625, 117.875, 172.5], [88.6875, 125.25, 152.875, 177.75, 60.8125, 27.078125, 167.375, 187.5, 123.9375, 48.3125, 0.0, 56.8125, 102.9375, 31.0625, 47.0, 86.8125, 81.0625, 94.875, 165.875, 153.375, 173.0], [53.75, 96.875, 144.875, 121.4375, 71.4375, 48.0, 136.625, 143.0, 123.5, 32.25, 56.8125, 0.0, 51.46875, 33.0, 53.84375, 73.75, 71.5625, 40.125, 109.4375, 96.625, 140.375], [33.625, 64.3125, 124.5, 78.8125, 87.0625, 99.25, 96.0, 92.5, 113.4375, 82.25, 102.9375, 51.46875, 0.0, 84.1875, 104.5625, 66.875, 115.4375, 14.8671875, 68.125, 60.8125, 97.9375], [80.0625, 121.75, 161.0, 153.25, 74.3125, 15.03125, 163.25, 174.625, 135.25, 17.71875, 31.0625, 33.0, 84.1875, 0.0, 27.015625, 90.0, 56.75, 73.125, 141.25, 127.5, 167.875], [105.375, 147.75, 188.0, 166.125, 100.25, 20.09375, 188.875, 196.75, 161.875, 22.359375, 47.0, 53.84375, 104.5625, 27.015625, 0.0, 117.0625, 34.125, 91.5625, 154.0, 138.75, 193.125], [33.25, 42.0, 71.6875, 140.0, 34.0625, 101.1875, 82.5625, 114.5, 50.5, 100.6875, 86.8125, 73.75, 66.875, 90.0, 117.0625, 0.0, 143.0, 73.375, 131.0, 126.6875, 88.9375], [125.25, 168.375, 214.75, 162.75, 131.0, 54.0, 207.5, 207.125, 190.625, 42.5, 81.0625, 71.5625, 115.4375, 56.75, 34.125, 143.0, 0.0, 100.875, 151.0, 134.5, 210.75], [41.0625, 77.25, 135.75, 83.1875, 88.1875, 88.0625, 110.625, 106.5, 122.1875, 69.25, 94.875, 40.125, 14.8671875, 73.125, 91.5625, 73.375, 100.875, 0.0, 71.5625, 61.0625, 112.6875], [99.25, 111.625, 172.875, 12.1640625, 154.875, 155.5, 122.0625, 85.0625, 171.0, 132.625, 165.875, 109.4375, 68.125, 141.25, 154.0, 131.0, 151.0, 71.5625, 0.0, 16.765625, 119.5], [93.8125, 112.625, 174.75, 28.15625, 147.625, 141.375, 128.625, 96.875, 169.875, 117.875, 153.375, 96.625, 60.8125, 127.5, 138.75, 126.6875, 134.5, 61.0625, 16.765625, 0.0, 126.875], [87.8125, 47.8125, 71.4375, 121.0, 122.5, 181.625, 7.6171875, 47.0, 89.0625, 172.5, 173.0, 140.375, 97.9375, 167.875, 193.125, 88.9375, 210.75, 112.6875, 119.5, 126.875, 0.0]], "angleGap": [[0.0, 0.5166015625, 1.587890625, 1.7177734375, 2.755859375, 0.203125, 0.771484375, 0.8310546875, 3.025390625, 2.46484375, 3.125, 1.974609375, 2.8203125, 2.921875, 1.138671875, 3.119140625, 2.32421875, 1.658203125, 1.822265625, 0.27734375], [0.5166015625, 0.0, 2.103515625, 1.201171875, 2.23828125, 0.7197265625, 1.2880859375, 0.314453125, 2.5078125, 1.947265625, 2.609375, 2.4921875, 2.3046875, 2.40625, 0.6220703125, 2.6484375, 2.841796875, 2.173828125, 2.337890625, 0.7939453125], [1.587890625, 2.103515625, 0.0, 2.9765625, 1.939453125, 1.384765625, 0.814453125, 2.419921875, 1.669921875, 2.23046875, 1.5703125, 0.3876953125, 1.875, 1.7734375, 2.7265625, 1.53125, 0.736328125, 0.0703125, 0.234375, 1.310546875], [1.7177734375, 1.201171875, 2.9765625, 0.0, 1.0380859375, 1.9208984375, 2.48828125, 0.88671875, 1.3076171875, 0.74658203125, 1.4072265625, 2.58984375, 1.1025390625, 1.205078125, 0.5791015625, 1.447265625, 2.2421875, 2.90625, 2.7421875, 1.9951171875], [2.755859375, 2.23828125, 1.939453125, 1.0380859375, 0.0, 2.958984375, 2.755859375, 1.9248046875, 0.26953125, 0.291748046875, 0.369140625, 1.5517578125, 0.064453125, 0.16650390625, 1.6171875, 0.40869140625, 1.203125, 1.869140625, 1.705078125, 3.033203125], [0.203125, 0.7197265625, 1.384765625, 1.9208984375, 2.958984375, 0.0, 0.568359375, 1.0341796875, 3.0546875, 2.66796875, 2.955078125, 1.771484375, 3.0234375, 3.125, 1.341796875, 2.916015625, 2.119140625, 1.455078125, 1.619140625, 0.07421875], [0.771484375, 1.2880859375, 0.814453125, 2.48828125, 2.755859375, 0.568359375, 0.0, 1.6025390625, 2.486328125, 3.046875, 2.38671875, 1.205078125, 2.69140625, 2.58984375, 1.91015625, 2.34765625, 1.552734375, 0.884765625, 1.048828125, 0.494140625], [0.8310546875, 0.314453125, 2.419921875, 0.88671875, 1.9248046875, 1.0341796875, 1.6025390625, 0.0, 2.1953125, 1.6328125, 2.29296875, 2.806640625, 1.9892578125, 2.091796875, 0.3076171875, 2.333984375, 3.12890625, 2.490234375, 2.654296875, 1.1083984375], [3.025390625, 2.5078125, 1.669921875, 1.3076171875, 0.26953125, 3.0546875, 2.486328125, 2.1953125, 0.0, 0.56103515625, 0.099609375, 1.2822265625, 0.205078125, 0.10302734375, 1.88671875, 0.13916015625, 0.93359375, 1.599609375, 1.435546875, 2.98046875], [2.46484375, 1.947265625, 2.23046875, 0.74658203125, 0.291748046875, 2.66796875, 3.046875, 1.6328125, 0.56103515625, 0.0, 0.66064453125, 1.84375, 0.356201171875, 0.458251953125, 1.3251953125, 0.7001953125, 1.4951171875, 2.16015625, 1.9970703125, 2.7421875], [3.125, 2.609375, 1.5703125, 1.4072265625, 0.369140625, 2.955078125, 2.38671875, 2.29296875, 0.099609375, 0.66064453125, 0.0, 1.1826171875, 0.3046875, 0.20263671875, 1.986328125, 0.03955078125, 0.833984375, 1.5, 1.3359375, 2.880859375], [1.974609375, 2.4921875, 0.3876953125, 2.58984375, 1.5517578125, 1.771484375, 1.205078125, 2.806640625, 1.2822265625, 1.84375, 1.1826171875, 0.0, 1.4873046875, 1.384765625, 3.115234375, 1.142578125, 0.3486328125, 0.3173828125, 0.1533203125, 1.697265625], [2.8203125, 2.3046875, 1.875, 1.1025390625, 0.064453125, 3.0234375, 2.69140625, 1.9892578125, 0.205078125, 0.356201171875, 0.3046875, 1.4873046875, 0.0, 0.10205078125, 1.681640625, 0.34423828125, 1.138671875, 1.8046875, 1.640625, 3.09765625], [2.921875, 2.40625, 1.7734375, 1.205078125, 0.16650390625, 3.125, 2.58984375, 2.091796875, 0.10302734375, 0.458251953125, 0.20263671875, 1.384765625, 0.10205078125, 0.0, 1.783203125, 0.2421875, 1.037109375, 1.703125, 1.5390625, 3.083984375], [1.138671875, 0.6220703125, 2.7265625, 0.5791015625, 1.6171875, 1.341796875, 1.91015625, 0.3076171875, 1.88671875, 1.3251953125, 1.986328125, 3.115234375, 1.681640625, 1.783203125, 0.0, 2.025390625, 2.8203125, 2.796875, 2.9609375, 1.416015625], [3.119140625, 2.6484375, 1.53125, 1.447265625, 0.40869140625, 2.916015625, 2.34765625, 2.333984375, 0.13916015625, 0.7001953125, 0.03955078125, 1.142578125, 0.34423828125, 0.2421875, 2.025390625, 0.0, 0.79443359375, 1.4609375, 1.296875, 2.841796875], [2.32421875, 2.841796875, 0.736328125, 2.2421875, 1.203125, 2.119140625, 1.552734375, 3.12890625, 0.93359375, 1.4951171875, 0.833984375, 0.3486328125, 1.138671875, 1.037109375, 2.8203125, 0.79443359375, 0.0, 0.666015625, 0.501953125, 2.048828125], [1.658203125, 2.173828125, 0.0703125, 2.90625, 1.869140625, 