{"name": "LZB_n20_5", "n": 20, "m": 3, "times": [[0.0, 120.1875, 69.875, 76.6875, 33.25, 114.875, 83.0, 55.1875, 108.75, 72.375, 90.5, 91.375, 78.5625, 101.75, 129.5, 86.75, 80.4375, 78.1875, 39.6875, 105.6875, 44.28125], [120.1875, 0.0, 103.25, 188.875, 107.5625, 22.359375, 55.4375, 133.0, 147.125, 191.5, 59.0, 205.5, 147.25, 218.0, 173.375, 168.875, 152.875, 194.5, 80.75, 48.75, 163.0], [69.875, 103.25, 0.0, 143.0, 90.75, 86.0, 47.84375, 120.75, 50.09375, 131.0, 111.625, 155.5, 44.59375, 132.375, 76.3125, 67.125, 50.34375, 111.625, 56.625, 119.125, 107.125], [76.6875, 188.875, 143.0, 0.0, 81.625, 187.875, 159.125, 64.375, 171.0, 26.921875, 143.5, 16.96875, 134.75, 85.9375, 185.125, 130.125, 133.5, 73.875, 113.0625, 160.5, 36.34375], [33.25, 107.5625, 90.75, 81.625, 0.0, 108.4375, 86.0, 31.578125, 135.875, 88.0, 64.6875, 98.4375, 109.3125, 129.5, 158.75, 119.5, 111.8125, 106.6875, 39.46875, 81.25, 60.90625], [114.875, 22.359375, 86.0, 187.875, 108.4375, 0.0, 38.90625, 136.875, 127.0625, 187.25, 72.125, 204.0, 130.625, 208.0, 153.0, 152.875, 136.25, 185.0, 75.5, 65.875, 158.875], [83.0, 55.4375, 47.84375, 159.125, 86.0, 38.90625, 0.0, 117.1875, 92.9375, 154.75, 76.4375, 174.25, 92.1875, 170.5, 119.5, 114.1875, 97.8125, 147.75, 47.25, 78.875, 127.125], [55.1875, 133.0, 120.75, 64.375, 31.578125, 136.875, 117.1875, 0.0, 163.375, 79.8125, 81.375, 81.0, 133.625, 132.0, 184.75, 140.125, 135.25, 111.625, 71.0, 98.25, 59.0], [108.75, 147.125, 50.09375, 171.0, 135.875, 127.0625, 92.9375, 163.375, 0.0, 152.625, 161.625, 180.0, 37.125, 133.125, 26.6875, 52.5, 40.0625, 118.625, 105.6875, 168.5, 135.0], [72.375, 191.5, 131.0, 26.921875, 88.0, 187.25, 154.75, 79.8125, 152.625, 0.0, 152.5, 28.234375, 115.5625, 59.25, 164.125, 107.9375, 113.5625, 47.375, 111.8125, 169.25, 28.421875], [90.5, 59.0, 111.625, 143.5, 64.6875, 72.125, 76.4375, 81.375, 161.625, 152.5, 0.0, 160.5, 147.625, 192.0, 187.875, 164.625, 152.125, 168.5, 61.21875, 16.96875, 125.5625], [91.375, 205.5, 155.5, 16.96875, 98.4375, 204.0, 174.25, 81.0, 180.0, 28.234375, 160.5, 0.0, 143.125, 81.625, 192.25, 136.125, 141.375, 74.1875, 128.875, 177.5, 48.5], [78.5625, 147.25, 44.59375, 134.75, 109.3125, 130.625, 92.1875, 133.625, 37.125, 115.5625, 147.625, 143.125, 0.0, 98.8125, 51.875, 23.015625, 5.83203125, 82.375, 87.0625, 157.875, 99.1875], [101.75, 218.0, 132.375, 85.9375, 129.5, 208.0, 170.5, 132.0, 133.125, 59.25, 192.0, 81.625, 98.8125, 0.0, 135.125, 80.8125, 94.25, 23.703125, 138.375, 207.375, 73.0], [129.5, 173.375, 76.3125, 185.125, 158.75, 153.0, 119.5, 184.75, 26.6875, 164.125, 187.875, 192.25, 51.875, 135.125, 0.0, 56.875, 51.875, 124.8125, 130.875, 195.125, 150.25], [86.75, 168.875, 67.125, 130.125, 119.5, 152.875, 114.1875, 140.125, 52.5, 107.9375, 164.625, 136.125, 23.015625, 80.8125, 56.875, 0.0, 17.203125, 68.125, 103.5, 176.0, 96.8125], [80.4375, 152.875, 50.34375, 133.5, 111.8125, 136.25, 97.8125, 135.25, 40.0625, 113.5625, 152.125, 141.375, 5.83203125, 94.25, 51.875, 17.203125, 0.0, 78.625, 91.25, 162.5, 98.4375], [78.1875, 194.5, 111.625, 73.875, 106.6875, 185.0, 147.75, 111.625, 118.625, 47.375, 168.5, 74.1875, 82.375, 23.703125, 124.8125, 68.125, 78.625, 0.0, 114.75, 183.875, 53.15625], [39.6875, 80.75, 56.625, 113.0625, 39.46875, 75.5, 47.25, 71.0, 105.6875, 111.8125, 61.21875, 128.875, 87.0625, 138.375, 130.875, 103.5, 91.25, 114.75, 0.0, 73.3125, 83.5], [105.6875, 48.75, 119.125, 160.5, 81.25, 65.875, 78.875, 98.25, 168.5, 169.25, 16.96875, 177.5, 157.875, 207.375, 195.125, 176.0, 162.5, 183.875, 73.3125, 0.0, 142.0], [44.28125, 163.0, 107.125, 36.34375, 60.90625, 158.875, 127.125, 59.0, 135.0, 28.421875, 125.5625, 48.5, 99.1875, 73.0, 150.25, 96.8125, 98.4375, 53.15625, 83.5, 142.0, 0.0]], "angleGap": [[0.0, 1.0283203125, 2.5546875, 1.0478515625, 0.18505859375, 0.4150390625, 1.583984375, 1.392578125, 2.912109375, 0.49365234375, 2.65625, 1.626953125, 2.76171875, 1.533203125, 1.888671875, 1.697265625, 2.734375, 0.08349609375, 0.415771484375, 2.837890625], [1.0283203125, 0.0, 2.701171875, 2.076171875, 0.84326171875, 0.61328125, 2.61328125, 0.3642578125, 2.341796875, 1.521484375, 2.599609375, 0.5986328125, 1.732421875, 0.5048828125, 0.8603515625, 0.6689453125, 1.705078125, 0.94482421875, 1.4443359375, 2.416015625], [2.5546875, 2.701171875, 0.0, 1.5068359375, 2.740234375, 2.96875, 0.97021484375, 2.3359375, 0.357421875, 2.060546875, 0.1005859375, 2.103515625, 0.966796875, 2.197265625, 1.837890625, 2.033203125, 0.994140625, 2.638671875, 2.138671875, 0.283203125], [1.0478515625, 2.076171875, 1.5068359375, 0.0, 1.232421875, 1.462890625, 0.537109375, 2.439453125, 1.8642578125, 0.5537109375, 1.607421875, 2.673828125, 2.474609375, 2.580078125, 2.935546875, 2.744140625, 2.501953125, 1.130859375, 0.6318359375, 1.7900390625], [0.18505859375, 0.84326171875, 2.740234375, 1.232421875, 0.0, 0.22998046875, 1.76953125, 1.20703125, 3.09765625, 0.6787109375, 2.83984375, 1.44140625, 2.576171875, 1.34765625, 1.703125, 1.51171875, 2.548828125, 0.1015625, 0.6005859375, 3.0234375], [0.4150390625, 0.61328125, 2.96875, 1.462890625, 0.22998046875, 0.0, 2.0, 0.9775390625, 2.955078125, 0.90869140625, 3.0703125, 1.2119140625, 2.345703125, 1.1181640625, 1.4736328125, 1.2822265625, 2.318359375, 0.33154296875, 0.8310546875, 3.029296875], [1.583984375, 2.61328125, 0.97021484375, 0.537109375, 1.76953125, 2.0, 0.0, 2.9765625, 1.328125, 1.0908203125, 1.0703125, 3.072265625, 1.9375, 3.1171875, 2.810546875, 3.001953125, 1.96484375, 1.66796875, 1.1689453125, 1.25390625], [1.392578125, 0.3642578125, 2.3359375, 2.439453125, 1.20703125, 0.9775390625, 2.9765625, 0.0, 1.978515625, 1.88671875, 2.236328125, 0.234375, 1.369140625, 0.140625, 0.49609375, 0.3046875, 1.341796875, 1.30859375, 1.80859375, 2.052734375], [2.912109375, 2.341796875, 0.357421875, 1.8642578125, 3.09765625, 2.955078125, 1.328125, 1.978515625, 0.0, 2.41796875, 0.2568359375, 1.744140625, 0.609375, 1.837890625, 1.482421875, 1.673828125, 0.63671875, 2.99609375, 2.49609375, 0.07421875], [0.49365234375, 1.521484375, 2.060546875, 0.5537109375, 0.6787109375, 0.90869140625, 1.0908203125, 1.88671875, 2.41796875, 0.0, 2.162109375, 2.12109375, 3.02734375, 2.02734375, 2.3828125, 2.19140625, 3.0546875, 0.5771484375, 0.077880859375, 2.34375], [2.65625, 2.599609375, 0.1005859375, 1.607421875, 2.83984375, 3.0703125, 1.0703125, 2.236328125, 0.2568359375, 2.162109375, 0.0, 2.001953125, 0.8662109375, 2.095703125, 1.740234375, 1.931640625, 0.8935546875, 2.73828125, 2.240234375, 0.1826171875], [1.626953125, 0.5986328125, 2.103515625, 2.673828125, 1.44140625, 1.2119140625, 3.072265625, 0.234375, 1.744140625, 2.12109375, 2.001953125, 0.0, 1.134765625, 0.09375, 0.26171875, 0.0703125, 1.107421875, 1.54296875, 2.04296875, 1.818359375], [2.76171875, 1.732421875, 0.966796875, 2.474609375, 2.576171875, 2.345703125, 1.9375, 1.369140625, 0.609375, 3.02734375, 0.8662109375, 1.134765625, 0.0, 1.228515625, 0.873046875, 1.064453125, 0.02734375, 2.677734375, 3.10546875, 0.68359375], [1.533203125, 0.5048828125, 2.197265625, 2.580078125, 1.34765625, 1.1181640625, 3.1171875, 0.140625, 1.837890625, 2.02734375, 2.095703125, 0.09375, 1.228515625, 0.0, 0.35546875, 0.1640625, 1.201171875, 1.44921875, 1.94921875, 1.912109375], [1.888671875, 0.8603515625, 1.837890625, 2.935546875, 1.703125, 1.4736328125, 2.810546875, 0.49609375, 1.482421875, 2.3828125, 1.740234375, 0.26171875, 0.873046875, 0.35546875, 0.0, 0.19140625, 0.845703125, 1.8046875, 2.3046875, 1.556640625], [1.697265625, 0.6689453125, 2.033203125, 2.744140625, 1.51171875, 1.2822265625, 3.001953125, 0.3046875, 1.673828125, 2.19140625, 1.931640625, 0.0703125, 1.064453125, 0.1640625, 0.19140625, 0.0, 1.037109375, 1.61328125, 2.11328125, 1.748046875], [2.734375, 1.705078125, 0.994140625, 2.501953125, 2.548828125, 2.318359375, 1.96484375, 1.341796875, 0.63671875, 3.0546875, 0.8935546875, 1.107421875, 0.02734375, 1.201171875, 0.845703125, 1.037109375, 0.0, 2.650390625, 3.1328125, 0.7109375], [0.08349609375, 0.94482421875, 2.638671875, 1.130859375, 