{"name": "LZB_n10_3", "n": 10, "m": 3, "times": [[0.0, 162.2898712158203, 106.53168487548828, 164.7574005126953, 130.64837646484375, 176.02557373046875, 243.4789581298828, 45.0, 119.5198745727539, 85.86617279052734, 213.32838439941406, 187.68324279785156, 95.60334777832031, 119.00420379638672, 151.10923767089844, 24.020824432373047, 153.94154357910156, 93.00537872314453, 115.108642578125, 183.15293884277344], [162.2898712158203, 0.0, 109.76793670654297, 36.619667053222656, 50.447994232177734, 21.095022201538086, 83.73768615722656, 143.2934112548828, 107.68936920166016, 84.50444030761719, 53.93514633178711, 86.83892822265625, 79.76214599609375, 139.7139892578125, 122.40914916992188, 143.22360229492188, 30.5941162109375, 110.01818084716797, 47.41307830810547, 41.43669891357422], [106.53168487548828, 109.76793670654297, 0.0, 135.44740295410156, 59.46427536010742, 130.50669860839844, 189.62330627441406, 122.44998931884766, 13.03840446472168, 45.650848388671875, 143.0034942626953, 88.76936340332031, 105.0951919555664, 172.00291442871094, 45.31004333496094, 82.76472473144531, 84.07734680175781, 132.4122314453125, 83.6002426147461, 148.2969970703125], [164.7574005126953, 36.619667053222656, 135.44740295410156, 0.0, 79.5110092163086, 24.698177337646484, 82.3468246459961, 136.52838134765625, 136.01470947265625, 100.5683822631836, 76.65507507324219, 123.45849609375, 71.02816009521484, 115.01738739013672, 155.1289825439453, 149.62620544433594, 65.79513549804688, 93.30059051513672, 56.080299377441406, 18.601076126098633], [130.64837646484375, 50.447994232177734, 59.46427536010742, 79.5110092163086, 0.0, 71.38627624511719, 130.86251831054688, 125.19584655761719, 57.42821502685547, 44.94440841674805, 87.78382873535156, 65.78753662109375, 77.02597045898438, 148.1114501953125, 76.24303436279297, 108.2681884765625, 26.172504425048828, 110.47624206542969, 40.360870361328125, 90.19977569580078], [176.02557373046875, 21.095022201538086, 130.50669860839844, 24.698177337646484, 71.38627624511719, 0.0, 67.47592163085938, 152.61061096191406, 128.72451782226562, 102.62553405761719, 52.17279052734375, 103.76897430419922, 87.09190368652344, 138.43771362304688, 143.22360229492188, 158.44873046875, 51.15662384033203, 113.60017395019531, 61.52235412597656, 21.540658950805664], [243.4789581298828, 83.73768615722656, 189.62330627441406, 82.3468246459961, 130.86251831054688, 67.47592163085938, 0.0, 218.4422149658203, 185.01080322265625, 168.24090576171875, 54.00925827026367, 135.0592498779297, 152.68922424316406, 192.67588806152344, 191.1334686279297, 225.81629943847656, 105.54619598388672, 175.32826232910156, 128.88754272460938, 64.25729370117188], [45.0, 143.2934112548828, 122.44998931884766, 136.52838134765625, 125.19584655761719, 152.61061096191406, 218.4422149658203, 0.0, 134.23858642578125, 86.12781524658203, 196.9873046875, 189.2353057861328, 65.76473236083984, 74.00675964355469, 167.35890197753906, 51.88448715209961, 143.5026092529297, 51.62363815307617, 97.08243560791016, 155.08062744140625], [119.5198745727539, 107.68936920166016, 13.03840446472168, 136.01470947265625, 57.42821502685547, 128.72451782226562, 185.01080322265625, 134.23858642578125, 0.0, 53.90732955932617, 136.52838134765625, 77.36924743652344, 112.36102294921875, 180.92263793945312, 33.12099075317383, 95.7078857421875, 80.0062484741211, 141.2267608642578, 87.09190368652344, 147.57371520996094], [85.86617279052734, 84.50444030761719, 45.650848388671875, 100.5683822631836, 44.94440841674805, 102.62553405761719, 168.24090576171875, 86.12781524658203, 53.90732955932617, 0.0, 130.66751098632812, 104.17293548583984, 59.50630187988281, 127.0157470703125, 85.70297241210938, 63.324562072753906, 69.46221923828125, 87.32124328613281, 44.643028259277344, 116.36150360107422], [213.32838439941406, 53.93514633178711, 143.0034942626953, 76.65507507324219, 87.78382873535156, 52.17279052734375, 54.00925827026367, 196.9873046875, 136.52838134765625, 130.66751098632812, 0.0, 81.05553436279297, 133.66001892089844, 190.27610778808594, 138.8272247314453, 192.769287109375, 61.717098236083984, 163.19619750976562, 100.24469757080078, 66.64833068847656], [187.68324279785156, 86.83892822265625, 88.76936340332031, 123.45849609375, 65.78753662109375, 103.76897430419922, 135.0592498779297, 189.2353057861328, 77.36924743652344, 104.17293548583984, 81.05553436279297, 0.0, 142.2708740234375, 212.6146697998047, 64.81512451171875, 163.8841094970703, 60.14149856567383, 175.86642456054688, 104.23531341552734, 125.21981048583984], [95.60334777832031, 79.76214599609375, 105.0951919555664, 71.02816009521484, 77.02597045898438, 87.09190368652344, 152.68922424316406, 65.76473236083984, 112.36102294921875, 59.50630187988281, 133.66001892089844, 142.2708740234375, 0.0, 71.40028381347656, 142.27438354492188, 84.17243957519531, 87.09764862060547, 33.61547088623047, 38.60051727294922, 89.62700653076172], [119.00420379638672, 139.7139892578125, 172.00291442871094, 115.01738739013672, 148.1114501953125, 138.43771362304688, 192.67588806152344, 74.00675964355469, 180.92263793945312, 127.0157470703125, 190.27610778808594, 212.6146697998047, 71.40028381347656, 0.0, 212.2074432373047, 122.18428802490234, 154.9451446533203, 39.69886779785156, 108.4066390991211, 130.31117248535156], [151.10923767089844, 122.40914916992188, 45.31004333496094, 155.1289825439453, 76.24303436279297, 143.22360229492188, 191.1334686279297, 167.35890197753906, 33.12099075317383, 85.70297241210938, 138.8272247314453, 64.81512451171875, 142.27438354492188, 212.2074432373047, 0.0, 127.6126937866211, 92.0869140625, 172.55723571777344, 112.71202087402344, 163.78338623046875], [24.020824432373047, 143.22360229492188, 82.76472473144531, 149.62620544433594, 108.2681884765625, 158.44873046875, 225.81629943847656, 51.88448715209961, 95.7078857421875, 63.324562072753906, 192.769287109375, 163.8841094970703, 84.17243957519531, 122.18428802490234, 127.6126937866211, 0.0, 132.38201904296875, 90.04998779296875, 96.93812561035156, 167.60072326660156], [153.94154357910156, 30.5941162109375, 84.07734680175781, 65.79513549804688, 26.172504425048828, 51.15662384033203, 105.54619598388672, 143.5026092529297, 80.0062484741211, 69.46221923828125, 61.717098236083984, 60.14149856567383, 87.09764862060547, 154.9451446533203, 92.0869140625, 132.38201904296875, 0.0, 120.33287048339844, 48.66210174560547, 72.00694274902344], [93.00537872314453, 110.01818084716797, 132.4122314453125, 93.30059051513672, 110.47624206542969, 113.60017395019531, 175.32826232910156, 51.62363815307617, 141.2267608642578, 87.32124328613281, 163.19619750976562, 175.86642456054688, 33.61547088623047, 39.69886779785156, 172.55723571777344, 90.04998779296875, 120.33287048339844, 0.0, 72.11102294921875, 111.07205200195312], [115.108642578125, 47.41307830810547, 83.6002426147461, 56.080299377441406, 40.360870361328125, 61.52235412597656, 128.88754272460938, 97.08243560791016, 87.09190368652344, 44.643028259277344, 100.24469757080078, 104.23531341552734, 38.60051727294922, 108.4066390991211, 112.71202087402344, 96.93812561035156, 48.66210174560547, 72.11102294921875, 0.0, 72.56031799316406], [183.15293884277344, 41.43669891357422, 148.2969970703125, 18.601076126098633, 90.19977569580078, 21.540658950805664, 64.25729370117188, 155.08062744140625, 147.57371520996094, 116.36150360107422, 66.64833068847656, 125.21981048583984, 89.62700653076172, 130.31117248535156, 163.78338623046875, 167.60072326660156, 72.00694274902344, 111.07205200195312, 72.56031799316406, 0.0]], "coordinates": [[62, -93], [-25, 44], [80, 12], [-55, 23], [24, 32], [-46, 46], [-89, 98], [17, -93], [81, 25], [40, -10], [-35, 97], [46, 94], [-14, -35], [-57, -92], [97, 54], [63, -69], [5, 50], [-27, -66], [-3, 2], [-66, 38]], "demands": [12.0, 7.0, 18.0, 7.0, 1.0, 5.0, 6.0, 5.0, 6.0, 13.0, -12.0, -7.0, -18.0, -7.0, -1.0, -5.0, -6.0, -5.0, -6.0, -13.0], "capacity": 50, "Vmax": 14}