{"name": "LZB_n10_5", "n": 10, "m": 3, "times": [[0.0, 117.23907470703125, 59.4810905456543, 49.25444030761719, 51.865211486816406, 137.3535614013672, 95.7757797241211, 78.77182006835938, 144.62710571289062, 101.86265563964844, 10.198039054870605, 106.45186614990234, 91.30169677734375, 58.694122314453125, 30.4138126373291, 99.76472473144531, 96.3016128540039, 19.72308349609375, 44.777225494384766, 69.6419448852539], [117.23907470703125, 0.0, 76.843994140625, 165.435791015625, 67.0, 208.7510528564453, 186.60118103027344, 78.10249328613281, 100.68763732910156, 96.60745239257812, 121.04957580566406, 35.22782897949219, 197.8509521484375, 79.05693817138672, 146.49232482910156, 102.0, 24.351591110229492, 106.0, 146.01370239257812, 128.31600952148438], [59.4810905456543, 76.843994140625, 0.0, 106.90182495117188, 44.18144226074219, 189.28285217285156, 152.3975067138672, 20.615528106689453, 145.523193359375, 47.85394287109375, 57.567352294921875, 84.72307586669922, 150.7647247314453, 70.03570556640625, 88.95504760742188, 48.383880615234375, 65.6048812866211, 61.52235412597656, 72.36711883544922, 52.49761962890625], [49.25444030761719, 165.435791015625, 106.90182495117188, 0.0, 98.73196411132812, 117.09825134277344, 69.23149871826172, 124.61540985107422, 175.8550567626953, 144.06248474121094, 49.33558654785156, 150.6851043701172, 49.81967544555664, 97.30878448486328, 19.0, 140.6165008544922, 143.4015350341797, 60.20797348022461, 55.4707145690918, 99.03534698486328], [51.865211486816406, 67.0, 44.18144226074219, 98.73196411132812, 0.0, 154.31137084960938, 124.32618713378906, 62.361846923828125, 104.92378234863281, 90.52071380615234, 57.706153869628906, 55.226806640625, 131.79530334472656, 26.248809814453125, 79.90619659423828, 91.98369598388672, 44.72135925292969, 39.0, 88.61715698242188, 89.1964111328125], [137.3535614013672, 208.7510528564453, 189.28285217285156, 117.09825134277344, 154.31137084960938, 0.0, 48.093658447265625, 209.89759826660156, 154.1590118408203, 236.22447204589844, 145.3616180419922, 177.6119384765625, 78.44743347167969, 132.2006072998047, 121.16517639160156, 235.21267700195312, 184.8783416748047, 128.2224578857422, 168.68017578125, 205.91259765625], [95.7757797241211, 186.60118103027344, 152.3975067138672, 69.23149871826172, 124.32618713378906, 48.093658447265625, 0.0, 172.74258422851562, 156.46725463867188, 197.34487915039062, 102.41581726074219, 160.2903594970703, 34.13209533691406, 107.56393432617188, 75.1531753540039, 195.4891357421875, 162.2621307373047, 91.21403503417969, 122.19656372070312, 161.74362182617188], [78.77182006835938, 78.10249328613281, 20.615528106689453, 124.61540985107422, 62.361846923828125, 209.89759826660156, 172.74258422851562, 0.0, 158.67576599121094, 28.160255432128906, 75.58438873291016, 93.92018127441406, 169.95587158203125, 88.60022735595703, 107.33126068115234, 30.066593170166016, 73.16419982910156, 82.07313537597656, 84.0238037109375, 52.77309799194336], [144.62710571289062, 100.68763732910156, 145.523193359375, 175.8550567626953, 104.92378234863281, 154.1590118408203, 156.46725463867188, 158.67576599121094, 0.0, 184.6103973388672, 153.80831909179688, 68.35934448242188, 182.92347717285156, 86.53323364257812, 161.37533569335938, 188.17544555664062, 89.08984375, 125.09996032714844, 188.34542846679688, 194.06442260742188], [101.86265563964844, 96.60745239257812, 47.85394287109375, 144.06248474121094, 90.52071380615234, 236.22447204589844, 197.34487915039062, 28.160255432128906, 184.6103973388672, 0.0, 96.82975006103516, 118.06777954101562, 191.603759765625, 116.76043701171875, 128.2224578857422, 6.7082037925720215, 96.8813705444336, 108.00463104248047, 96.4624252319336, 55.081756591796875], [10.198039054870605, 121.04957580566406, 57.567352294921875, 49.33558654785156, 57.706153869628906, 145.3616180419922, 102.41581726074219, 75.58438873291016, 153.80831909179688, 96.82975006103516, 0.0, 112.8716049194336, 94.86833190917969, 67.47592163085938, 31.764760971069336, 94.17536926269531, 101.2422866821289, 29.546573638916016, 34.885528564453125, 60.74536895751953], [106.45186614990234, 35.22782897949219, 84.72307586669922, 150.6851043701172, 55.226806640625, 177.6119384765625, 160.2903594970703, 93.92018127441406, 68.35934448242188, 118.06777954101562, 112.8716049194336, 0.0, 176.01136779785156, 55.145263671875, 132.50282287597656, 122.24974060058594, 21.21320343017578, 90.75791931152344, 143.40501403808594, 136.74063110351562], [91.30169677734375, 197.8509521484375, 150.7647247314453, 49.81967544555664, 131.79530334472656, 78.44743347167969, 34.13209533691406, 169.95587158203125, 182.92347717285156, 191.603759765625, 94.86833190917969, 176.01136779785156, 0.0, 121.01652526855469, 63.411354064941406, 188.66107177734375, 174.04022216796875, 93.96276092529297, 105.20931243896484, 148.7346649169922], [58.694122314453125, 79.05693817138672, 70.03570556640625, 97.30878448486328, 26.248809814453125, 132.2006072998047, 107.56393432617188, 88.60022735595703, 86.53323364257812, 116.76043701171875, 67.47592163085938, 55.145263671875, 121.01652526855469, 0.0, 80.0624771118164, 118.1270523071289, 54.708316802978516, 39.824615478515625, 101.83319854736328, 111.1980209350586], [30.4138126373291, 146.49232482910156, 88.95504760742188, 19.0, 79.90619659423828, 121.16517639160156, 75.1531753540039, 107.33126068115234, 161.37533569335938, 128.2224578857422, 31.764760971069336, 132.50282287597656, 63.411354064941406, 80.0624771118164, 0.0, 125.25174713134766, 124.61540985107422, 41.761226654052734, 47.53945541381836, 87.09190368652344], [99.76472473144531, 102.0, 48.383880615234375, 140.6165008544922, 91.98369598388672, 235.21267700195312, 195.4891357421875, 30.066593170166016, 188.17544555664062, 6.7082037925720215, 94.17536926269531, 122.24974060058594, 188.66107177734375, 118.1270523071289, 125.25174713134766, 0.0, 101.13851928710938, 107.070068359375, 91.76055908203125, 49.36598205566406], [96.3016128540039, 24.351591110229492, 65.6048812866211, 143.4015350341797, 44.72135925292969, 184.8783416748047, 162.2621307373047, 73.16419982910156, 89.08984375, 96.8813705444336, 101.2422866821289, 21.21320343017578, 174.04022216796875, 54.708316802978516, 124.61540985107422, 101.13851928710938, 0.0, 83.38465118408203, 129.13946533203125, 118.06777954101562], [19.72308349609375, 106.0, 61.52235412597656, 60.20797348022461, 39.0, 128.2224578857422, 91.21403503417969, 82.07313537597656, 125.09996032714844, 108.00463104248047, 29.546573638916016, 90.75791931152344, 93.96276092529297, 39.824615478515625, 41.761226654052734, 107.070068359375, 83.38465118408203, 0.0, 64.40496826171875, 84.48076629638672], [44.777225494384766, 146.01370239257812, 72.36711883544922, 55.4707145690918, 88.61715698242188, 168.68017578125, 122.19656372070312, 84.0238037109375, 188.34542846679688, 96.4624252319336, 34.885528564453125, 143.40501403808594, 105.20931243896484, 101.83319854736328, 47.53945541381836, 91.76055908203125, 129.13946533203125, 64.40496826171875, 0.0, 45.221675872802734], [69.6419448852539, 128.31600952148438, 52.49761962890625, 99.03534698486328, 89.1964111328125, 205.91259765625, 161.74362182617188, 52.77309799194336, 194.06442260742188, 55.081756591796875, 60.74536895751953, 136.74063110351562, 148.7346649169922, 111.1980209350586, 87.09190368652344, 49.36598205566406, 118.06777954101562, 84.48076629638672, 45.221675872802734, 0.0]], "coordinates": [[18, -24], [-98, -7], [-35, -51], [67, -19], [-31, -7], [83, 97], [80, 49], [-48, -67], [-71, 90], [-56, -94], [20, -34], [-78, 22], [98, 20], [-23, 18], [48, -19], [-50, -97], [-75, 1], [8, -7], [36, -65], [-1, -91]], "demands": [20.0, 14.0, 7.0, 2.0, 5.0, 9.0, 10.0, 16.0, 1.0, 6.0, -20.0, -14.0, -7.0, -2.0, -5.0, -9.0, -10.0, -16.0, -1.0, -6.0], "capacity": 50, "Vmax": 14}