{"name": "LZB_n10_10", "n": 10, "m": 3, "times": [[0.0, 121.75385284423828, 177.65415954589844, 150.4160919189453, 32.4499626159668, 72.23572540283203, 75.7165756225586, 85.79627227783203, 131.06105041503906, 45.0444221496582, 21.954498291015625, 177.89041137695312, 132.51792907714844, 189.27493286132812, 94.14881896972656, 113.1591796875, 49.24428939819336, 104.3886947631836, 60.10823440551758, 106.77546691894531], [121.75385284423828, 0.0, 130.249755859375, 105.47511291503906, 145.49569702148438, 98.23441314697266, 56.29387283325195, 59.03388977050781, 158.3824462890625, 116.96580505371094, 143.0034942626953, 165.21803283691406, 120.42009735107422, 147.25827026367188, 27.85677719116211, 24.515300750732422, 170.98829650878906, 24.59674835205078, 161.4465789794922, 62.96824645996094], [177.65415954589844, 130.249755859375, 0.0, 28.635643005371094, 177.73013305664062, 106.23088073730469, 116.10340118408203, 101.98039245605469, 92.444580078125, 138.6001434326172, 196.73587036132812, 51.26402282714844, 51.400390625, 17.0880069732666, 136.18002319335938, 152.59095764160156, 213.49005126953125, 115.52488708496094, 171.40594482421875, 80.62257385253906], [150.4160919189453, 105.47511291503906, 28.635643005371094, 0.0, 152.76124572753906, 80.15609741210938, 87.4757080078125, 73.34848022460938, 83.05419921875, 113.21660614013672, 170.07351684570312, 62.28964614868164, 35.12833786010742, 44.0, 108.77959442138672, 126.64912414550781, 188.28170776367188, 88.6453628540039, 149.26486206054688, 52.15361785888672], [32.4499626159668, 145.49569702148438, 177.73013305664062, 152.76124572753906, 0.0, 72.91776275634766, 93.14505004882812, 99.5389404296875, 115.31695556640625, 39.623226165771484, 30.08321762084961, 168.61790466308594, 128.41339111328125, 186.9545440673828, 119.01680755615234, 140.5133514404297, 35.80502700805664, 125.13192749023438, 28.844409942626953, 117.33712005615234], [72.23572540283203, 98.23441314697266, 106.23088073730469, 80.15609741210938, 72.91776275634766, 0.0, 43.8292121887207, 39.560081481933594, 71.11258697509766, 33.30165100097656, 90.55384826660156, 107.46627044677734, 60.4400520324707, 117.17081451416016, 80.21221923828125, 105.43718719482422, 108.2081298828125, 73.73601531982422, 74.3303451538086, 48.83646011352539], [75.7165756225586, 56.29387283325195, 116.10340118408203, 87.4757080078125, 93.14505004882812, 43.8292121887207, 0.0, 14.142135620117188, 111.40017700195312, 61.073726654052734, 97.6370849609375, 134.53623962402344, 85.14693450927734, 130.9809112548828, 36.400550842285156, 61.61168670654297, 123.00406646728516, 33.0151481628418, 106.0, 36.055511474609375], [85.79627227783203, 59.03388977050781, 101.98039245605469, 73.34848022460938, 99.5389404296875, 39.560081481933594, 14.142135620117188, 0.0, 101.91172790527344, 63.95310592651367, 107.44766235351562, 121.27654266357422, 72.12489318847656, 116.8417739868164, 45.0, 69.3108901977539, 131.3697052001953, 34.438350677490234, 108.90362548828125, 22.360679626464844], [131.06105041503906, 158.3824462890625, 92.444580078125, 83.05419921875, 115.31695556640625, 71.11258697509766, 111.40017700195312, 101.91172790527344, 0.0, 86.20904541015625, 142.79005432128906, 59.41380310058594, 48.3735466003418, 92.57429504394531, 146.75489807128906, 171.21331787109375, 148.6606903076172, 134.53623962402344, 97.16995239257812, 96.26006317138672], [45.0444221496582, 116.96580505371094, 138.6001434326172, 113.21660614013672, 39.623226165771484, 33.30165100097656, 61.073726654052734, 63.95310592651367, 86.20904541015625, 0.0, 59.80802536010742, 133.66375732421875, 90.3548583984375, 148.5193634033203, 93.40770721435547, 117.65203094482422, 75.07329559326172, 94.08506774902344, 45.09988784790039, 79.30951690673828], [21.954498291015625, 143.0034942626953, 196.73587036132812, 170.07351684570312, 30.08321762084961, 90.55384826660156, 97.6370849609375, 107.44766235351562, 142.79005432128906, 59.80802536010742, 0.0, 193.28993225097656, 149.88328552246094, 207.58853149414062, 115.24755859375, 133.09019470214844, 29.0, 126.21014404296875, 58.18075180053711, 128.08200073242188], [177.89041137695312, 165.21803283691406, 51.26402282714844, 62.28964614868164, 168.61790466308594, 107.46627044677734, 134.53623962402344, 121.27654266357422, 59.41380310058594, 133.66375732421875, 193.28993225097656, 0.0, 49.497474670410156, 42.04759216308594, 163.52674865722656, 184.39088439941406, 203.5927276611328, 145.4991455078125, 154.35025024414062, 105.10946655273438], [132.51792907714844, 120.42009735107422, 51.400390625, 35.12833786010742, 128.41339111328125, 60.4400520324707, 85.14693450927734, 72.12489318847656, 48.3735466003418, 90.3548583984375, 149.88328552246094, 49.497474670410156, 0.0, 58.600341796875, 115.45128631591797, 137.55726623535156, 164.19500732421875, 98.79270935058594, 120.24142456054688, 57.982757568359375], [189.27493286132812, 147.25827026367188, 17.0880069732666, 44.0, 186.9545440673828, 117.17081451416016, 130.9809112548828, 116.8417739868164, 92.57429504394531, 148.5193634033203, 207.58853149414062, 42.04759216308594, 58.600341796875, 0.0, 152.55490112304688, 169.44615173339844, 222.7509765625, 132.09844970703125, 178.28067016601562, 96.08329772949219], [94.14881896972656, 27.85677719116211, 136.18002319335938, 108.77959442138672, 119.01680755615234, 80.21221923828125, 36.400550842285156, 45.0, 146.75489807128906, 93.40770721435547, 115.24755859375, 163.52674865722656, 115.45128631591797, 152.55490112304688, 0.0, 25.238859176635742, 143.3910675048828, 21.3775577545166, 136.78085327148438, 58.52349853515625], [113.1591796875, 24.515300750732422, 152.59095764160156, 126.64912414550781, 140.5133514404297, 105.43718719482422, 61.61168670654297, 69.3108901977539, 171.21331787109375, 117.65203094482422, 133.09019470214844, 184.39088439941406, 137.55726623535156, 169.44615173339844, 25.238859176635742, 0.0, 161.89503479003906, 38.910152435302734, 160.0999755859375, 79.64923095703125], [49.24428939819336, 170.98829650878906, 213.49005126953125, 188.28170776367188, 35.80502700805664, 108.2081298828125, 123.00406646728516, 131.3697052001953, 148.6606903076172, 75.07329559326172, 29.0, 203.5927276611328, 164.19500732421875, 222.7509765625, 143.3910675048828, 161.89503479003906, 0.0, 153.1012725830078, 53.23532485961914, 150.65855407714844], [104.3886947631836, 24.59674835205078, 115.52488708496094, 88.6453628540039, 125.13192749023438, 73.73601531982422, 33.0151481628418, 34.438350677490234, 134.53623962402344, 94.08506774902344, 126.21014404296875, 145.4991455078125, 98.79270935058594, 132.09844970703125, 21.3775577545166, 38.910152435302734, 153.1012725830078, 0.0, 139.00360107421875, 40.8166618347168], [60.10823440551758, 161.4465789794922, 171.40594482421875, 149.26486206054688, 28.844409942626953, 74.3303451538086, 106.0, 108.90362548828125, 97.16995239257812, 45.09988784790039, 58.18075180053711, 154.35025024414062, 120.24142456054688, 178.28067016601562, 136.78085327148438, 160.0999755859375, 53.23532485961914, 139.00360107421875, 0.0, 122.80065155029297], [106.77546691894531, 62.96824645996094, 80.62257385253906, 52.15361785888672, 117.33712005615234, 48.83646011352539, 36.055511474609375, 22.360679626464844, 96.26006317138672, 79.30951690673828, 128.08200073242188, 105.10946655273438, 57.982757568359375, 96.08329772949219, 58.52349853515625, 79.64923095703125, 150.65855407714844, 40.8166618347168, 122.80065155029297, 0.0]], "coordinates": [[51, -75], [-67, -45], [-34, 81], [-28, 53], [78, -57], [24, -8], [-12, -33], [-14, -19], [55, 56], [49, -30], [70, -86], [14, 99], [7, 50], [-28, 97], [-41, -55], [-62, -69], [99, -86], [-45, -34], [94, -33], [-24, 1]], "demands": [8.0, 12.0, 13.0, 9.0, 3.0, 17.0, 18.0, 14.0, 7.0, 5.0, -8.0, -12.0, -13.0, -9.0, -3.0, -17.0, -18.0, -14.0, -7.0, -5.0], "capacity": 50, "Vmax": 14}