{"name": "LZB_n10_7", "n": 10, "m": 3, "times": [[0.0, 114.49454498291016, 77.64663696289062, 10.770329475402832, 63.324562072753906, 60.80295944213867, 142.3516845703125, 27.20294189453125, 9.219544410705566, 180.85353088378906, 112.2541732788086, 179.424072265625, 67.62396240234375, 142.0774383544922, 73.68174743652344, 88.56636047363281, 140.17489624023438, 90.79647827148438, 124.72369384765625, 23.409399032592773], [114.49454498291016, 0.0, 96.84007263183594, 103.7545166015625, 135.20724487304688, 119.54078674316406, 111.3238525390625, 134.52508544921875, 109.00458526611328, 155.90060424804688, 101.04454803466797, 66.2872543334961, 87.23531341552734, 28.44292449951172, 82.46211242675781, 42.72002029418945, 67.95587158203125, 63.348243713378906, 85.70297241210938, 99.6242904663086], [77.64663696289062, 96.84007263183594, 0.0, 73.0, 136.61990356445312, 128.65457153320312, 180.62391662597656, 104.56098937988281, 68.4689712524414, 225.36415100097656, 156.4736328125, 158.61903381347656, 116.2755355834961, 122.9837417602539, 14.764822959899902, 102.8250961303711, 154.77725219726562, 119.67037963867188, 156.27220153808594, 85.84288024902344], [10.770329475402832, 103.7545166015625, 73.0, 0.0, 64.32728576660156, 59.03388977050781, 135.0703582763672, 34.98571014404297, 9.433980941772461, 174.83706665039062, 105.47511291503906, 168.6564483642578, 60.539241790771484, 131.3087921142578, 67.26811981201172, 78.23043060302734, 130.4645538330078, 81.58431243896484, 116.37869262695312, 16.970561981201172], [63.324562072753906, 135.20724487304688, 136.61990356445312, 64.32728576660156, 0.0, 16.401220321655273, 107.00466918945312, 45.27692413330078, 71.16881561279297, 134.76646423339844, 77.41446685791016, 189.4967041015625, 50.447994232177734, 157.0350341796875, 129.0, 94.79451751708984, 128.03515625, 81.84130859375, 100.16985321044922, 51.009803771972656], [60.80295944213867, 119.54078674316406, 128.65457153320312, 59.03388977050781, 16.401220321655273, 0.0, 94.42987060546875, 49.648765563964844, 67.23094177246094, 125.9245834350586, 64.03124237060547, 173.11268615722656, 34.058773040771484, 140.8580780029297, 119.70797729492188, 78.64476776123047, 112.16059875488281, 65.45991516113281, 85.32877349853516, 43.32435989379883], [142.3516845703125, 111.3238525390625, 180.62391662597656, 135.0703582763672, 107.00466918945312, 94.42987060546875, 0.0, 141.6615753173828, 144.47491455078125, 45.650848388671875, 30.805843353271484, 126.82665252685547, 74.73285675048828, 113.00442504882812, 166.83224487304688, 79.92496490478516, 51.97114562988281, 60.95900344848633, 26.0, 119.01260375976562], [27.20294189453125, 134.52508544921875, 104.56098937988281, 34.98571014404297, 45.27692413330078, 49.648765563964844, 141.6615753173828, 0.0, 36.400550842285156, 175.45370483398438, 110.85575866699219, 197.2232208251953, 70.00714111328125, 160.8788299560547, 100.88111877441406, 102.52804565429688, 149.21461486816406, 98.99494934082031, 128.249755859375, 34.98571014404297], [9.219544410705566, 109.00458526611328, 68.4689712524414, 9.433980941772461, 71.16881561279297, 67.23094177246094, 144.47491455078125, 36.400550842285156, 0.0, 184.25254821777344, 114.90866088867188, 174.56231689453125, 69.97142028808594, 136.95619201660156, 64.51356506347656, 86.00581359863281, 138.9244384765625, 90.47099304199219, 125.59060668945312, 26.248809814453125], [180.85353088378906, 155.90060424804688, 225.36415100097656, 174.83706665039062, 134.76646423339844, 125.9245834350586, 45.650848388671875, 175.45370483398438, 184.25254821777344, 0.0, 70.0927963256836, 161.79307556152344, 114.63420104980469, 154.4344482421875, 211.8135986328125, 125.5388412475586, 91.78779602050781, 106.01886749267578, 71.5541763305664, 158.11387634277344], [112.2541732788086, 101.04454803466797, 156.4736328125, 105.47511291503906, 77.41446685791016, 64.03124237060547, 30.805843353271484, 110.85575866699219, 114.90866088867188, 70.0927963256836, 0.0, 132.74034118652344, 44.94440841674805, 110.44002532958984, 143.42245483398438, 62.169124603271484, 59.46427536010742, 40.26164245605469, 26.248809814453125, 89.06739044189453], [179.424072265625, 66.2872543334961, 158.61903381347656, 168.6564483642578, 189.4967041015625, 173.11268615722656, 126.82665252685547, 197.2232208251953, 174.56231689453125, 161.79307556152344, 132.74034118652344, 0.0, 139.05393981933594, 37.85498809814453, 145.1688690185547, 95.96353149414062, 75.3923110961914, 108.2081298828125, 108.22661590576172, 162.348388671875], [67.62396240234375, 87.23531341552734, 116.2755355834961, 60.539241790771484, 50.447994232177734, 34.058773040771484, 74.73285675048828, 70.00714111328125, 69.97142028808594, 114.63420104980469, 44.94440841674805, 139.05393981933594, 0.0, 107.1680908203125, 104.54663848876953, 45.221675872802734, 80.52328491210938, 31.764760971069336, 58.4208869934082, 44.283180236816406], [142.0774383544922, 28.44292449951172, 122.9837417602539, 131.3087921142578, 157.0350341796875, 140.8580780029297, 113.00442504882812, 160.8788299560547, 136.95619201660156, 154.4344482421875, 110.44002532958984, 37.85498809814453, 107.1680908203125, 0.0, 109.03668975830078, 62.2414665222168, 62.64982223510742, 78.54934692382812, 89.67720031738281, 125.89678192138672], [73.68174743652344, 82.46211242675781, 14.764822959899902, 67.26811981201172, 129.0, 119.70797729492188, 166.83224487304688, 100.88111877441406, 64.51356506347656, 211.8135986328125, 143.42245483398438, 145.1688690185547, 104.54663848876953, 109.03668975830078, 0.0, 88.45903015136719, 140.06427001953125, 105.8914566040039, 142.21463012695312, 78.00640869140625], [88.56636047363281, 42.72002029418945, 102.8250961303711, 78.23043060302734, 94.79451751708984, 78.64476776123047, 79.92496490478516, 102.52804565429688, 86.00581359863281, 125.5388412475586, 62.169124603271484, 95.96353149414062, 45.221675872802734, 62.2414665222168, 88.45903015136719, 0.0, 54.708316802978516, 22.090721130371094, 54.4058837890625, 68.4105224609375], [140.17489624023438, 67.95587158203125, 154.77725219726562, 130.4645538330078, 128.03515625, 112.16059875488281, 51.97114562988281, 149.21461486816406, 138.9244384765625, 91.78779602050781, 59.46427536010742, 75.3923110961914, 80.52328491210938, 62.64982223510742, 140.06427001953125, 54.708316802978516, 0.0, 50.2493782043457, 33.60059356689453, 118.00423431396484], [90.79647827148438, 63.348243713378906, 119.67037963867188, 81.58431243896484, 81.84130859375, 65.45991516113281, 60.95900344848633, 98.99494934082031, 90.47099304199219, 106.01886749267578, 40.26164245605469, 108.2081298828125, 31.764760971069336, 78.54934692382812, 105.8914566040039, 22.090721130371094, 50.2493782043457, 0.0, 37.202152252197266, 68.11754608154297], [124.72369384765625, 85.70297241210938, 156.27220153808594, 116.37869262695312, 100.16985321044922, 85.32877349853516, 26.0, 128.249755859375, 125.59060668945312, 71.5541763305664, 26.248809814453125, 108.22661590576172, 58.4208869934082, 89.67720031738281, 142.21463012695312, 54.4058837890625, 33.60059356689453, 37.202152252197266, 0.0, 101.39033508300781], [23.409399032592773, 99.6242904663086, 85.84288024902344, 16.970561981201172, 51.009803771972656, 43.32435989379883, 119.01260375976562, 34.98571014404297, 26.248809814453125, 158.11387634277344, 89.06739044189453, 162.348388671875, 44.283180236816406, 125.89678192138672, 78.00640869140625, 68.4105224609375, 118.00423431396484, 68.11754608154297, 101.39033508300781, 0.0]], "coordinates": [[76, -23], [-27, -73], [66, -100], [66, -27], [53, 36], [40, 26], [-54, 35], [84, 3], [74, -32], [-76, 75], [-24, 28], [-92, -86], [14, 4], [-55, -78], [53, -93], [-12, -33], [-64, -16], [-14, -11], [-44, 11], [54, -15]], "demands": [12.0, 16.0, 13.0, 3.0, 19.0, 19.0, 18.0, 1.0, 8.0, 18.0, -12.0, -16.0, -13.0, -3.0, -19.0, -19.0, -18.0, -1.0, -8.0, -18.0], "capacity": 50, "Vmax": 14}