{"name": "LZB_n10_4", "n": 10, "m": 3, "times": [[0.0, 104.54663848876953, 163.07667541503906, 119.941650390625, 68.54196166992188, 96.33275604248047, 59.53990173339844, 93.00537872314453, 148.6068572998047, 132.0037841796875, 50.0, 160.63934326171875, 193.07252502441406, 181.39735412597656, 58.13776779174805, 134.23858642578125, 227.00880432128906, 170.90640258789062, 114.17967987060547, 192.6265869140625], [104.54663848876953, 0.0, 74.24284362792969, 137.63720703125, 74.0, 31.016124725341797, 106.8877944946289, 133.70115661621094, 94.3716049194336, 30.149627685546875, 83.48652648925781, 111.12605285644531, 106.6255111694336, 81.39410400390625, 52.40229034423828, 85.61541748046875, 136.07717895507812, 66.73080444335938, 94.17536926269531, 90.27181243896484], [163.07667541503906, 74.24284362792969, 0.0, 211.37643432617188, 147.8512725830078, 67.06713104248047, 179.32373046875, 207.74021911621094, 154.6156463623047, 47.50789260864258, 155.08062744140625, 170.57843017578125, 137.10215759277344, 94.64142608642578, 105.0047607421875, 150.233154296875, 153.0, 67.47592163085938, 165.7015380859375, 91.0878677368164], [119.941650390625, 137.63720703125, 211.37643432617188, 0.0, 70.0, 156.9777069091797, 60.406951904296875, 32.31098937988281, 87.69264221191406, 164.47796630859375, 76.69419860839844, 86.33075714111328, 150.33628845214844, 168.19334411621094, 136.21307373046875, 79.00633239746094, 182.22239685058594, 176.37744140625, 50.0099983215332, 183.44754028320312], [68.54196166992188, 74.0, 147.8512725830078, 70.0, 0.0, 88.23831176757812, 35.22782897949219, 59.93329620361328, 80.70935821533203, 103.58088684082031, 19.84943389892578, 92.13577270507812, 131.24404907226562, 130.08074951171875, 66.64833068847656, 66.2872543334961, 165.89454650878906, 128.31600952148438, 46.52956008911133, 143.8367156982422], [96.33275604248047, 31.016124725341797, 67.06713104248047, 156.9777069091797, 88.23831176757812, 0.0, 115.83177185058594, 147.27525329589844, 124.33824920654297, 41.773197174072266, 91.23595428466797, 141.01419067382812, 136.400146484375, 106.8503646850586, 38.20994567871094, 114.56002807617188, 164.28329467773438, 87.04596710205078, 118.51160430908203, 113.0707778930664], [59.53990173339844, 106.8877944946289, 179.32373046875, 60.406951904296875, 35.22782897949219, 115.83177185058594, 0.0, 35.510562896728516, 106.96260833740234, 136.94525146484375, 24.59674835205078, 114.8651351928711, 162.9846649169922, 164.92422485351562, 85.91275024414062, 93.08598327636719, 197.59048461914062, 163.517578125, 65.29930877685547, 178.86866760253906], [93.00537872314453, 133.70115661621094, 207.74021911621094, 32.31098937988281, 59.93329620361328, 147.27525329589844, 35.510562896728516, 0.0, 107.15409088134766, 162.86497497558594, 57.982757568359375, 109.93180084228516, 168.58529663085938, 179.27911376953125, 120.2081527709961, 95.50916290283203, 202.1410369873047, 182.792236328125, 64.19501495361328, 194.12625122070312], [148.6068572998047, 94.3716049194336, 154.6156463623047, 87.69264221191406, 80.70935821533203, 124.33824920654297, 106.96260833740234, 107.15409088134766, 0.0, 108.90821838378906, 100.43903350830078, 16.76305389404297, 62.64982223510742, 85.79627227783203, 126.775390625, 14.422204971313477, 95.21029663085938, 101.25709533691406, 43.416587829589844, 100.90093994140625], [132.0037841796875, 30.149627685546875, 47.50789260864258, 164.47796630859375, 103.58088684082031, 41.773197174072266, 136.94525146484375, 162.86497497558594, 108.90821838378906, 0.0, 113.63538360595703, 125.29964447021484, 103.23758697509766, 67.779052734375, 76.05918884277344, 103.4069595336914, 127.20063018798828, 45.607017517089844, 118.22859191894531, 72.11102294921875], [50.0, 83.48652648925781, 155.08062744140625, 76.69419860839844, 19.84943389892578, 91.23595428466797, 24.59674835205078, 57.982757568359375, 100.43903350830078, 113.63538360595703, 0.0, 111.41364288330078, 150.6021270751953, 147.1223907470703, 62.22539520263672, 86.02325439453125, 185.20529174804688, 143.02796936035156, 64.19501495361328, 160.3527374267578], [160.63934326171875, 111.12605285644531, 170.57843017578125, 86.33075714111328, 92.13577270507812, 141.01419067382812, 114.8651351928711, 109.93180084228516, 16.76305389404297, 125.29964447021484, 111.41364288330078, 0.0, 67.36467742919922, 97.1287841796875, 142.28492736816406, 28.160255432128906, 96.7470932006836, 114.97825622558594, 49.57822036743164, 111.80339813232422], [193.07252502441406, 106.6255111694336, 137.10215759277344, 150.33628845214844, 131.24404907226562, 136.400146484375, 162.9846649169922, 168.58529663085938, 62.64982223510742, 103.23758697509766, 150.6021270751953, 67.36467742919922, 0.0, 43.863426208496094, 154.9225616455078, 73.08214569091797, 34.66987228393555, 70.21395874023438, 104.40306854248047, 54.20331954956055], [181.39735412597656, 81.39410400390625, 94.64142608642578, 168.19334411621094, 130.08074951171875, 106.8503646850586, 164.92422485351562, 179.27911376953125, 85.79627227783203, 67.779052734375, 147.1223907470703, 97.1287841796875, 43.863426208496094, 0.0, 133.64505004882812, 90.02777099609375, 60.01666259765625, 27.166154861450195, 118.4229736328125, 15.29705810546875], [58.13776779174805, 52.40229034423828, 105.0047607421875, 136.21307373046875, 66.64833068847656, 38.20994567871094, 85.91275024414062, 120.2081527709961, 126.775390625, 76.05918884277344, 62.22539520263672, 142.28492736816406, 154.9225616455078, 133.64505004882812, 0.0, 114.15778350830078, 186.38937377929688, 118.4609603881836, 107.70793914794922, 142.63589477539062], [134.23858642578125, 85.61541748046875, 150.233154296875, 79.00633239746094, 66.2872543334961, 114.56002807617188, 93.08598327636719, 95.50916290283203, 14.422204971313477, 103.4069595336914, 86.02325439453125, 28.160255432128906, 73.08214569091797, 90.02777099609375, 114.15778350830078, 0.0, 106.77546691894531, 101.96568298339844, 31.320919036865234, 105.32331085205078], [227.00880432128906, 136.07717895507812, 153.0, 182.22239685058594, 165.89454650878906, 164.28329467773438, 197.59048461914062, 202.1410369873047, 95.21029663085938, 127.20063018798828, 185.20529174804688, 96.7470932006836, 34.66987228393555, 60.01666259765625, 186.38937377929688, 106.77546691894531, 0.0, 86.37129211425781, 137.9927520751953, 62.12889862060547], [170.90640258789062, 66.73080444335938, 67.47592163085938, 176.37744140625, 128.31600952148438, 87.04596710205078, 163.517578125, 182.792236328125, 101.25709533691406, 45.607017517089844, 143.02796936035156, 114.97825622558594, 70.21395874023438, 27.166154861450195, 118.4609603881836, 101.96568298339844, 86.37129211425781, 0.0, 126.53063201904297, 26.832815170288086], [114.17967987060547, 94.17536926269531, 165.7015380859375, 50.0099983215332, 46.52956008911133, 118.51160430908203, 65.29930877685547, 64.19501495361328, 43.416587829589844, 118.22859191894531, 64.19501495361328, 49.57822036743164, 104.40306854248047, 118.4229736328125, 107.70793914794922, 31.320919036865234, 137.9927520751953, 126.53063201904297, 0.0, 133.6338348388672], [192.6265869140625, 90.27181243896484, 91.0878677368164, 183.44754028320312, 143.8367156982422, 113.0707778930664, 178.86866760253906, 194.12625122070312, 100.90093994140625, 72.11102294921875, 160.3527374267578, 111.80339813232422, 54.20331954956055, 15.29705810546875, 142.63589477539062, 105.32331085205078, 62.12889862060547, 26.832815170288086, 133.6338348388672, 0.0]], "coordinates": [[-96, 70], [-57, -27], [-91, -93], [23, 85], [-33, 43], [-88, -26], [-37, 78], [-7, 97], [34, -2], [-60, -57], [-48, 56], [50, 3], [43, -64], [3, -82], [-92, 12], [22, 6], [62, -93], [-24, -85], [13, 36], [0, -97]], "demands": [12.0, 2.0, 17.0, 5.0, 7.0, 17.0, 3.0, 14.0, 14.0, 8.0, -12.0, -2.0, -17.0, -5.0, -7.0, -17.0, -3.0, -14.0, -14.0, -8.0], "capacity": 50, "Vmax": 14}