{"name": "LZB_n10_2", "n": 10, "m": 3, "times": [[0.0, 106.00471496582031, 13.892443656921387, 86.68333435058594, 166.01806640625, 104.23531341552734, 36.013885498046875, 92.6552734375, 57.20139694213867, 135.83078002929688, 70.40596771240234, 9.433980941772461, 94.83142852783203, 91.39474487304688, 14.142135620117188, 53.90732955932617, 89.87213134765625, 28.844409942626953, 68.50547790527344, 72.61542510986328], [106.00471496582031, 0.0, 113.74533081054688, 27.658634185791016, 81.54139709472656, 8.246211051940918, 110.67971801757812, 75.80237579345703, 69.46221923828125, 68.88395690917969, 39.217342376708984, 111.36426544189453, 124.6515121459961, 34.66987228393555, 92.00543212890625, 81.4923324584961, 73.7834701538086, 83.74365997314453, 89.3756103515625, 149.3720245361328], [13.892443656921387, 113.74533081054688, 0.0, 92.13577270507812, 177.5528106689453, 111.11255645751953, 48.66210174560547, 90.44335174560547, 57.384666442871094, 148.1114501953125, 80.3243408203125, 4.4721360206604, 85.4400405883789, 95.35198211669922, 25.238859176635742, 67.62396240234375, 87.92041778564453, 31.256999969482422, 63.639610290527344, 81.74349975585938], [86.68333435058594, 27.658634185791016, 92.13577270507812, 0.0, 108.4066390991211, 21.470911026000977, 99.32270812988281, 50.32891845703125, 42.54409408569336, 91.76055908203125, 34.885528564453125, 90.44888305664062, 97.30878448486328, 11.180339813232422, 73.49829864501953, 76.5767593383789, 47.92702865600586, 61.00819778442383, 61.717098236083984, 140.80128479003906], [166.01806640625, 81.54139709472656, 177.5528106689453, 108.4066390991211, 0.0, 89.35882568359375, 153.5871124267578, 157.30543518066406, 147.0850067138672, 34.0, 98.73702239990234, 173.9683837890625, 205.68179321289062, 116.21101379394531, 152.5057373046875, 119.33147430419922, 155.32225036621094, 152.82015991210938, 169.2483367919922, 179.01116943359375], [104.23531341552734, 8.246211051940918, 111.11255645751953, 21.470911026000977, 89.35882568359375, 0.0, 111.61540985107422, 67.95587158203125, 63.976558685302734, 77.10382843017578, 40.8166618347168, 109.00458526611328, 117.4137954711914, 27.018512725830078, 90.44888305664062, 84.05355072021484, 66.0302963256836, 80.5046615600586, 82.80096435546875, 151.32745361328125], [36.013885498046875, 110.67971801757812, 48.66210174560547, 99.32270812988281, 153.5871124267578, 111.61540985107422, 0.0, 119.8165283203125, 83.21658325195312, 120.60265350341797, 71.47027587890625, 44.40720748901367, 129.87686157226562, 107.20074462890625, 36.400550842285156, 34.36568069458008, 116.76471710205078, 56.859474182128906, 100.08995819091797, 42.44997024536133], [92.6552734375, 75.80237579345703, 90.44335174560547, 50.32891845703125, 157.30543518066406, 67.95587158203125, 119.8165283203125, 0.0, 36.619667053222656, 142.08799743652344, 78.025634765625, 91.21403503417969, 52.15361785888672, 41.18252182006836, 84.64632415771484, 109.76793670654297, 3.1622776985168457, 64.44377136230469, 29.832868576049805, 161.82089233398438], [57.20139694213867, 69.46221923828125, 57.384666442871094, 42.54409408569336, 147.0850067138672, 63.976558685302734, 83.21658325195312, 36.619667053222656, 0.0, 125.09996032714844, 53.22593307495117, 57.245086669921875, 62.3939094543457, 41.43669891357422, 48.166378021240234, 75.80237579345703, 33.60059356689453, 28.42534065246582, 24.351591110229492, 125.20782470703125], [135.83078002929688, 68.88395690917969, 148.1114501953125, 91.76055908203125, 34.0, 77.10382843017578, 120.60265350341797, 142.08799743652344, 125.09996032714844, 0.0, 73.0, 144.26712036132812, 186.4322967529297, 101.53324890136719, 122.87391662597656, 86.64871978759766, 139.64598083496094, 125.9920654296875, 148.7178497314453, 145.0137939453125], [70.40596771240234, 39.217342376708984, 80.3243408203125, 34.885528564453125, 98.73702239990234, 40.8166618347168, 71.47027587890625, 78.025634765625, 53.22593307495117, 73.0, 0.0, 77.20103454589844, 115.55085754394531, 45.694637298583984, 56.29387283325195, 43.416587829589844, 75.05997467041016, 54.08327102661133, 77.47257232666016, 110.53506469726562], [9.433980941772461, 111.36426544189453, 4.4721360206604, 90.44888305664062, 173.9683837890625, 109.00458526611328, 44.40720748901367, 91.21403503417969, 57.245086669921875, 144.26712036132812, 77.20103454589844, 0.0, 88.54377746582031, 94.14881896972656, 21.470911026000977, 63.25345993041992, 88.60022735595703, 30.08321762084961, 65.19202423095703, 78.44743347167969], [94.83142852783203, 124.6515121459961, 85.4400405883789, 97.30878448486328, 205.68179321289062, 117.4137954711914, 129.87686157226562, 52.15361785888672, 62.3939094543457, 186.4322967529297, 115.55085754394531, 88.54377746582031, 0.0, 90.5096664428711, 94.42987060546875, 133.54025268554688, 53.00943374633789, 76.00657653808594, 38.07886505126953, 166.97903442382812], [91.39474487304688, 34.66987228393555, 95.35198211669922, 11.180339813232422, 116.21101379394531, 27.018512725830078, 107.20074462890625, 41.18252182006836, 41.43669891357422, 101.53324890136719, 45.694637298583984, 94.14881896972656, 90.5096664428711, 0.0, 78.92401123046875, 86.40023040771484, 39.11521530151367, 64.13267517089844, 56.93856430053711, 149.16433715820312], [14.142135620117188, 92.00543212890625, 25.238859176635742, 73.49829864501953, 152.5057373046875, 90.44888305664062, 36.400550842285156, 84.64632415771484, 48.166378021240234, 122.87391662597656, 56.29387283325195, 21.470911026000977, 94.42987060546875, 78.92401123046875, 0.0, 44.29446792602539, 81.68843078613281, 20.59126091003418, 63.694583892822266, 77.38862609863281], [53.90732955932617, 81.4923324584961, 67.62396240234375, 76.5767593383789, 119.33147430419922, 84.05355072021484, 34.36568069458008, 109.76793670654297, 75.80237579345703, 86.64871978759766, 43.416587829589844, 63.25345993041992, 133.54025268554688, 86.40023040771484, 44.29446792602539, 0.0, 106.60675048828125, 58.051700592041016, 98.04590606689453, 68.15423583984375], [89.87213134765625, 73.7834701538086, 87.92041778564453, 47.92702865600586, 155.32225036621094, 66.0302963256836, 116.76471710205078, 3.1622776985168457, 33.60059356689453, 139.64598083496094, 75.05997467041016, 88.60022735595703, 53.00943374633789, 39.11521530151367, 81.68843078613281, 106.60675048828125, 0.0, 61.55485534667969, 28.284271240234375, 158.8080596923828], [28.844409942626953, 83.74365997314453, 31.256999969482422, 61.00819778442383, 152.82015991210938, 80.5046615600586, 56.859474182128906, 64.44377136230469, 28.42534065246582, 125.9920654296875, 54.08327102661133, 30.08321762084961, 76.00657653808594, 64.13267517089844, 20.59126091003418, 58.051700592041016, 61.55485534667969, 0.0, 43.32435989379883, 97.94386291503906], [68.50547790527344, 89.3756103515625, 63.639610290527344, 61.717098236083984, 169.2483367919922, 82.80096435546875, 100.08995819091797, 29.832868576049805, 24.351591110229492, 148.7178497314453, 77.47257232666016, 65.19202423095703, 38.07886505126953, 56.93856430053711, 63.694583892822266, 98.04590606689453, 28.284271240234375, 43.32435989379883, 0.0, 140.47064208984375], [72.61542510986328, 149.3720245361328, 81.74349975585938, 140.80128479003906, 179.01116943359375, 151.32745361328125, 42.44997024536133, 161.82089233398438, 125.20782470703125, 145.0137939453125, 110.53506469726562, 78.44743347167969, 166.97903442382812, 149.16433715820312, 77.38862609863281, 68.15423583984375, 158.8080596923828, 97.94386291503906, 140.47064208984375, 0.0]], "coordinates": [[-3, 56], [-4, -50], [9, 63], [14, -29], [-72, -95], [4, -48], [-39, 55], [61, -11], [31, 10], [-72, -61], [-17, -13], [5, 61], [89, 33], [25, -31], [-5, 42], [-44, 21], [58, -10], [13, 32], [54, 18], [-70, 84]], "demands": [17.0, 5.0, 20.0, 5.0, 17.0, 20.0, 2.0, 20.0, 3.0, 2.0, -17.0, -5.0, -20.0, -5.0, -17.0, -20.0, -2.0, -20.0, -3.0, -2.0], "capacity": 50, "Vmax": 14}