{"name": "LZB_n10_1", "n": 10, "m": 3, "times": [[0.0, 53.22593307495117, 84.8646011352539, 161.96604919433594, 177.5978546142578, 65.52098846435547, 168.7512969970703, 82.61961364746094, 225.0777587890625, 88.86506652832031, 94.42987060546875, 57.87054443359375, 147.87156677246094, 62.513999938964844, 141.71803283691406, 121.2476806640625, 134.18270874023438, 157.89236450195312, 88.32327270507812, 17.262676239013672], [53.22593307495117, 0.0, 84.71717834472656, 171.17242431640625, 169.52285766601562, 91.08238220214844, 140.356689453125, 75.92759704589844, 215.724365234375, 81.74349975585938, 56.035701751708984, 8.602325439453125, 130.35720825195312, 34.01470184326172, 92.00543212890625, 96.54014587402344, 162.2652130126953, 176.22996520996094, 73.53910827636719, 40.45985794067383], [84.8646011352539, 84.71717834472656, 0.0, 86.46965026855469, 92.76313781738281, 41.04875183105469, 95.33625030517578, 11.661903381347656, 140.2640380859375, 11.180339813232422, 62.68173599243164, 79.10120391845703, 66.48307800292969, 53.0848388671875, 115.97413635253906, 51.97114562988281, 89.62700653076172, 94.14881896972656, 23.34523582458496, 71.61005401611328], [161.96604919433594, 171.17242431640625, 86.46965026855469, 0.0, 55.6596794128418, 97.75479888916016, 116.10340118408203, 96.04686737060547, 86.12200927734375, 91.0054931640625, 140.42791748046875, 165.51132202148438, 81.56592559814453, 139.1294403076172, 183.6981201171875, 104.78549194335938, 62.36986541748047, 29.614185333251953, 102.31324768066406, 152.7645263671875], [177.5978546142578, 169.52285766601562, 92.76313781738281, 55.6596794128418, 0.0, 122.87391662597656, 69.35416412353516, 96.83490753173828, 47.50789260864258, 90.44335174560547, 123.9758071899414, 162.04937744140625, 45.0, 135.5175323486328, 153.18289184570312, 79.76214599609375, 114.07015228271484, 85.16454315185547, 96.17691802978516, 164.14932250976562], [65.52098846435547, 91.08238220214844, 41.04875183105469, 97.75479888916016, 122.87391662597656, 0.0, 136.13229370117188, 48.50773239135742, 169.0118408203125, 51.4781494140625, 93.23089599609375, 89.05054473876953, 105.32331085205078, 70.43436431884766, 148.69094848632812, 92.77930450439453, 71.84706115722656, 92.41753387451172, 60.728904724121094, 60.008331298828125], [168.7512969970703, 140.356689453125, 95.33625030517578, 116.10340118408203, 69.35416412353516, 136.13229370117188, 0.0, 90.8019790649414, 97.02061462402344, 85.98837280273438, 84.85281372070312, 131.79530334472656, 36.67424011230469, 110.38568878173828, 92.07062530517578, 47.53945541381836, 160.72958374023438, 142.411376953125, 81.60882568359375, 152.06906127929688], [82.61961364746094, 75.92759704589844, 11.661903381347656, 96.04686737060547, 96.83490753173828, 48.50773239135742, 90.8019790649414, 0.0, 144.2012481689453, 6.4031243324279785, 51.03919982910156, 69.72087097167969, 65.51335906982422, 43.104522705078125, 104.66136169433594, 45.0, 101.25709533691406, 105.26158142089844, 12.529964447021484, 67.88224792480469], [225.0777587890625, 215.724365234375, 140.2640380859375, 86.12200927734375, 47.50789260864258, 169.0118408203125, 97.02061462402344, 144.2012481689453, 0.0, 137.8005828857422, 167.370849609375, 208.00241088867188, 86.72946166992188, 181.8350830078125, 188.38258361816406, 122.42957305908203, 148.4890594482422, 113.74533081054688, 142.8880615234375, 211.64593505859375], [88.86506652832031, 81.74349975585938, 11.180339813232422, 91.0054931640625, 90.44335174560547, 51.4781494140625, 85.98837280273438, 6.4031243324279785, 137.8005828857422, 0.0, 53.23532485961914, 75.31268310546875, 59.53990173339844, 48.50773239135742, 105.47511291503906, 41.30375289916992, 99.63935089111328, 101.53324890136719, 13.03840446472168, 74.24958038330078], [94.42987060546875, 56.035701751708984, 62.68173599243164, 140.42791748046875, 123.9758071899414, 93.23089599609375, 84.85281372070312, 51.03919982910156, 167.370849609375, 53.23532485961914, 0.0, 47.434165954589844, 80.65357971191406, 32.015621185302734, 55.4707145690918, 44.94440841674805, 152.29576110839844, 154.1460418701172, 40.24922180175781, 77.23341369628906], [57.87054443359375, 8.602325439453125, 79.10120391845703, 165.51132202148438, 162.04937744140625, 89.05054473876953, 131.79530334472656, 69.72087097167969, 208.00241088867188, 75.31268310546875, 47.434165954589844, 0.0, 122.3315200805664, 26.925823211669922, 85.09406280517578, 88.23831176757812, 159.39886474609375, 171.7469024658203, 66.40782928466797, 43.416587829589844], [147.87156677246094, 130.35720825195312, 66.48307800292969, 81.56592559814453, 45.0, 105.32331085205078, 36.67424011230469, 65.51335906982422, 86.72946166992188, 59.53990173339844, 80.65357971191406, 122.3315200805664, 0.0, 97.00515747070312, 108.67382049560547, 35.735137939453125, 124.08464813232422, 106.52699279785156, 60.20797348022461, 132.43865966796875], [62.513999938964844, 34.01470184326172, 53.0848388671875, 139.1294403076172, 135.5175323486328, 70.43436431884766, 110.38568878173828, 43.104522705078125, 181.8350830078125, 48.50773239135742, 32.015621185302734, 26.925823211669922, 97.00515747070312, 0.0, 83.57032775878906, 64.44377136230469, 137.4809112548828, 146.81280517578125, 39.560081481933594, 45.27692413330078], [141.71803283691406, 92.00543212890625, 115.97413635253906, 183.6981201171875, 153.18289184570312, 148.69094848632812, 92.07062530517578, 104.66136169433594, 188.38258361816406, 105.47511291503906, 55.4707145690918, 85.09406280517578, 108.67382049560547, 83.57032775878906, 0.0, 78.92401123046875, 205.0, 202.054443359375, 92.6552734375, 125.51493835449219], [121.2476806640625, 96.54014587402344, 51.97114562988281, 104.78549194335938, 79.76214599609375, 92.77930450439453, 47.53945541381836, 45.0, 122.42957305908203, 41.30375289916992, 44.94440841674805, 88.23831176757812, 35.735137939453125, 64.44377136230469, 78.92401123046875, 0.0, 132.27999877929688, 124.27791595458984, 34.525352478027344, 104.65657806396484], [134.18270874023438, 162.2652130126953, 89.62700653076172, 62.36986541748047, 114.07015228271484, 71.84706115722656, 160.72958374023438, 101.25709533691406, 148.4890594482422, 99.63935089111328, 152.29576110839844, 159.39886474609375, 124.08464813232422, 137.4809112548828, 205.0, 132.27999877929688, 0.0, 37.2155876159668, 112.61438751220703, 131.38111877441406], [157.89236450195312, 176.22996520996094, 94.14881896972656, 29.614185333251953, 85.16454315185547, 92.41753387451172, 142.411376953125, 105.26158142089844, 113.74533081054688, 101.53324890136719, 154.1460418701172, 171.7469024658203, 106.52699279785156, 146.81280517578125, 202.054443359375, 124.27791595458984, 37.2155876159668, 0.0, 114.16216278076172, 151.60475158691406], [88.32327270507812, 73.53910827636719, 23.34523582458496, 102.31324768066406, 96.17691802978516, 60.728904724121094, 81.60882568359375, 12.529964447021484, 142.8880615234375, 13.03840446472168, 40.24922180175781, 66.40782928466797, 60.20797348022461, 39.560081481933594, 92.6552734375, 34.525352478027344, 112.61438751220703, 114.16216278076172, 0.0, 72.42237091064453], [17.262676239013672, 40.45985794067383, 71.61005401611328, 152.7645263671875, 164.14932250976562, 60.008331298828125, 152.06906127929688, 67.88224792480469, 211.64593505859375, 74.24958038330078, 77.23341369628906, 43.416587829589844, 132.43865966796875, 45.27692413330078, 125.51493835449219, 104.65657806396484, 131.38111877441406, 151.60475158691406, 72.42237091064453, 0.0]], "coordinates": [[70, 100], [93, 52], [9, 41], [-77, 32], [-60, -21], [7, 82], [1, -54], [19, 35], [-96, -52], [14, 31], [61, 6], [88, 45], [-15, -21], [62, 38], [92, -40], [19, -10], [-64, 93], [-83, 61], [25, 24], [67, 83]], "demands": [2.0, 3.0, 20.0, 1.0, 15.0, 7.0, 16.0, 10.0, 18.0, 14.0, -2.0, -3.0, -20.0, -1.0, -15.0, -7.0, -16.0, -10.0, -18.0, -14.0], "capacity": 50, "Vmax": 14}