{"name": "LZB_n10_8", "n": 10, "m": 3, "times": [[0.0, 149.84324645996094, 172.35137939453125, 108.29589080810547, 175.37673950195312, 127.0157470703125, 9.433980941772461, 73.55270385742188, 131.1259002685547, 66.4906005859375, 185.78482055664062, 151.28781127929688, 35.735137939453125, 74.09453582763672, 22.803508758544922, 120.73938751220703, 123.40583801269531, 31.38471031188965, 58.00862121582031, 60.926185607910156], [149.84324645996094, 0.0, 191.19100952148438, 80.23091888427734, 208.80613708496094, 181.8680877685547, 153.7010040283203, 92.11405944824219, 25.0, 137.76791381835938, 192.0234375, 78.74642944335938, 184.22811889648438, 162.77899169921875, 127.06297302246094, 61.13100814819336, 48.27007293701172, 121.8031234741211, 124.42668151855469, 149.25482177734375], [172.35137939453125, 191.19100952148438, 0.0, 224.18072509765625, 21.587032318115234, 51.244510650634766, 165.24526977539062, 199.75234985351562, 196.02296447753906, 106.4048843383789, 17.464248657226562, 117.90250396728516, 176.02841186523438, 101.96568298339844, 165.95481872558594, 131.06105041503906, 144.01388549804688, 153.39491271972656, 118.9621810913086, 111.82575988769531], [108.29589080810547, 80.23091888427734, 224.18072509765625, 0.0, 236.4846649169922, 196.42047119140625, 116.03878784179688, 35.0142822265625, 55.44366455078125, 134.65882873535156, 230.86793518066406, 137.8985137939453, 143.26548767089844, 156.9522247314453, 90.19977569580078, 105.11898040771484, 95.85926818847656, 93.94147491455078, 118.10588836669922, 140.45640563964844], [175.37673950195312, 208.80613708496094, 21.587032318115234, 236.4846649169922, 0.0, 48.703182220458984, 167.54701232910156, 210.02142333984375, 211.98348999023438, 111.51681518554688, 35.0, 137.6117706298828, 174.64248657226562, 102.18121337890625, 171.72361755371094, 148.0033721923828, 161.00311279296875, 159.7623291015625, 125.80142974853516, 114.49454498291016], [127.0157470703125, 181.8680877685547, 51.244510650634766, 196.42047119140625, 48.703182220458984, 0.0, 119.01260375976562, 167.2632598876953, 180.08053588867188, 65.11528015136719, 68.06614685058594, 122.57650756835938, 126.30122375488281, 53.48831558227539, 124.80785369873047, 121.41252136230469, 133.8431854248047, 113.454833984375, 80.65978240966797, 66.37017059326172], [9.433980941772461, 153.7010040283203, 165.24526977539062, 116.03878784179688, 167.54701232910156, 119.01260375976562, 0.0, 81.09870910644531, 135.9889678955078, 60.29925537109375, 179.0782012939453, 150.29637145996094, 30.528675079345703, 65.76473236083984, 27.513633728027344, 121.01652526855469, 124.6515121459961, 32.557640075683594, 53.75872039794922, 53.45091247558594], [73.55270385742188, 92.11405944824219, 199.75234985351562, 35.0142822265625, 210.02142333984375, 167.2632598876953, 81.09870910644531, 0.0, 68.4105224609375, 103.46497344970703, 208.3314666748047, 129.4681396484375, 108.85311126708984, 124.33824920654297, 55.226806640625, 94.5304183959961, 89.02246856689453, 59.77457809448242, 87.09190368652344, 107.78682708740234], [131.1259002685547, 25.0, 196.02296447753906, 55.44366455078125, 211.98348999023438, 180.08053588867188, 135.9889678955078, 68.4105224609375, 0.0, 129.0155029296875, 199.02261352539062, 91.8368148803711, 166.3640594482422, 154.0, 108.67382049560547, 65.6048812866211, 53.15073013305664, 105.34230041503906, 114.1095962524414, 139.1761474609375], [66.4906005859375, 137.76791381835938, 106.4048843383789, 134.65882873535156, 111.51681518554688, 65.11528015136719, 60.29925537109375, 103.46497344970703, 129.0155029296875, 0.0, 119.36917877197266, 105.38026428222656, 78.58753204345703, 25.079872131347656, 60.20797348022461, 85.86617279052734, 94.9210205078125, 48.41487503051758, 16.552946090698242, 13.45362377166748], [185.78482055664062, 192.0234375, 17.464248657226562, 230.86793518066406, 35.0, 68.06614685058594, 179.0782012939453, 208.3314666748047, 199.02261352539062, 119.36917877197266, 0.0, 115.8792495727539, 191.3765869140625, 117.20921325683594, 177.91009521484375, 133.45411682128906, 146.16770935058594, 165.08482360839844, 130.74020385742188, 125.93649291992188], [151.28781127929688, 78.74642944335938, 117.90250396728516, 137.8985137939453, 137.6117706298828, 122.57650756835938, 150.29637145996094, 129.4681396484375, 91.8368148803711, 105.38026428222656, 115.8792495727539, 0.0, 177.2484130859375, 125.80142974853516, 131.5750732421875, 35.0142822265625, 42.05948257446289, 120.15406799316406, 100.60317993164062, 118.82760620117188], [35.735137939453125, 184.22811889648438, 176.02841186523438, 143.26548767089844, 174.64248657226562, 126.30122375488281, 30.528675079345703, 108.85311126708984, 166.3640594482422, 78.58753204345703, 191.3765869140625, 177.2484130859375, 0.0, 74.1687240600586, 57.697486877441406, 149.68299865722656, 154.14927673339844, 62.801273345947266, 77.36924743652344, 67.74215698242188], [74.09453582763672, 162.77899169921875, 101.96568298339844, 156.9522247314453, 102.18121337890625, 53.48831558227539, 65.76473236083984, 124.33824920654297, 154.0, 25.079872131347656, 117.20921325683594, 125.80142974853516, 74.1687240600586, 0.0, 75.1664810180664, 109.5627670288086, 119.2518310546875, 65.73431396484375, 40.31128692626953, 16.552946090698242], [22.803508758544922, 127.06297302246094, 165.95481872558594, 90.19977569580078, 171.72361755371094, 124.80785369873047, 27.513633728027344, 55.226806640625, 108.67382049560547, 60.20797348022461, 177.91009521484375, 131.5750732421875, 57.697486877441406, 75.1664810180664, 0.0, 99.7296371459961, 101.51354217529297, 13.152946472167969, 47.16990661621094, 59.396968841552734], [120.73938751220703, 61.13100814819336, 131.06105041503906, 105.11898040771484, 148.0033721923828, 121.41252136230469, 121.01652526855469, 94.5304183959961, 65.6048812866211, 85.86617279052734, 133.45411682128906, 35.0142822265625, 149.68299865722656, 109.5627670288086, 99.7296371459961, 0.0, 13.0, 89.35882568359375, 76.6093978881836, 98.88377380371094], [123.40583801269531, 48.27007293701172, 144.01388549804688, 95.85926818847656, 161.00311279296875, 133.8431854248047, 124.6515121459961, 89.02246856689453, 53.15073013305664, 94.9210205078125, 146.16770935058594, 42.05948257446289, 154.14927673339844, 119.2518310546875, 101.51354217529297, 13.0, 0.0, 92.31468200683594, 84.11896514892578, 107.54068756103516], [31.38471031188965, 121.8031234741211, 153.39491271972656, 93.94147491455078, 159.7623291015625, 113.454833984375, 32.557640075683594, 59.77457809448242, 105.34230041503906, 48.41487503051758, 165.08482360839844, 120.15406799316406, 62.801273345947266, 65.73431396484375, 13.152946472167969, 89.35882568359375, 92.31468200683594, 0.0, 34.438350677490234, 49.40647888183594], [58.00862121582031, 124.42668151855469, 118.9621810913086, 118.10588836669922, 125.80142974853516, 80.65978240966797, 53.75872039794922, 87.09190368652344, 114.1095962524414, 16.552946090698242, 130.74020385742188, 100.60317993164062, 77.36924743652344, 40.31128692626953, 47.16990661621094, 76.6093978881836, 84.11896514892578, 34.438350677490234, 0.0, 25.079872131347656], [60.926185607910156, 149.25482177734375, 111.82575988769531, 140.45640563964844, 114.49454498291016, 66.37017059326172, 53.45091247558594, 107.78682708740234, 139.1761474609375, 13.45362377166748, 125.93649291992188, 118.82760620117188, 67.74215698242188, 16.552946090698242, 59.396968841552734, 98.88377380371094, 107.54068756103516, 49.40647888183594, 25.079872131347656, 0.0]], "coordinates": [[85, -22], [-2, 100], [-79, -75], [77, 86], [-74, -96], [-28, -80], [80, -30], [76, 51], [22, 93], [20, -36], [-95, -68], [-53, 40], [96, -56], [22, -61], [71, -4], [-18, 41], [-13, 53], [58, -6], [27, -21], [29, -46]], "demands": [15.0, 13.0, 18.0, 11.0, 19.0, 10.0, 1.0, 11.0, 13.0, 18.0, -15.0, -13.0, -18.0, -11.0, -19.0, -10.0, -1.0, -11.0, -13.0, -18.0], "capacity": 50, "Vmax": 14}