{"name": "LZB_n10_9", "n": 10, "m": 3, "times": [[0.0, 64.81512451171875, 79.05693817138672, 133.70115661621094, 65.802734375, 90.09439849853516, 65.19202423095703, 49.72926712036133, 34.20526123046875, 110.29052734375, 124.19339752197266, 83.05419921875, 67.18630981445312, 153.16004943847656, 135.0333251953125, 141.36477661132812, 20.39607810974121, 125.89678192138672, 124.42266845703125, 140.132080078125], [64.81512451171875, 0.0, 141.7779998779297, 196.78668212890625, 128.36276245117188, 134.2013397216797, 83.02409362792969, 27.166154861450195, 89.53770446777344, 164.14932250976562, 185.5397491455078, 132.03408813476562, 47.75981521606445, 209.29644775390625, 181.4635009765625, 201.35789489746094, 51.078372955322266, 184.3936004638672, 156.11534118652344, 202.2523193359375], [79.05693817138672, 141.7779998779297, 0.0, 55.009090423583984, 13.416407585144043, 109.62207794189453, 125.29964447021484, 128.7361602783203, 54.037025451660156, 48.10405349731445, 45.54119110107422, 97.20082092285156, 143.4015350341797, 126.12692260742188, 134.8480682373047, 104.08650207519531, 90.91754150390625, 50.990196228027344, 150.6021270751953, 94.00531768798828], [133.70115661621094, 196.78668212890625, 55.009090423583984, 0.0, 68.42514038085938, 143.40501403808594, 173.1415557861328, 183.17477416992188, 108.45275115966797, 59.66573715209961, 18.439088821411133, 131.21737670898438, 196.22946166992188, 126.37246704101562, 152.82015991210938, 100.89598846435547, 145.89036560058594, 35.0142822265625, 181.430419921875, 85.21150207519531], [65.802734375, 128.36276245117188, 13.416407585144043, 68.42514038085938, 0.0, 104.06248474121094, 114.54257202148438, 115.52056121826172, 41.03656768798828, 54.20331954956055, 58.46366500854492, 91.93476104736328, 130.75167846679688, 129.55308532714844, 133.46160888671875, 109.04127502441406, 77.5241928100586, 62.12889862060547, 145.16542053222656, 100.60317993164062], [90.09439849853516, 134.2013397216797, 109.62207794189453, 143.40501403808594, 104.06248474121094, 0.0, 57.80138397216797, 107.51744079589844, 108.6876220703125, 157.43252563476562, 145.61936950683594, 12.529964447021484, 99.32270812988281, 81.32035064697266, 47.29693603515625, 83.6480712890625, 109.45775604248047, 157.4706268310547, 41.1096076965332, 92.97311401367188], [65.19202423095703, 83.02409362792969, 125.29964447021484, 173.1415557861328, 114.54257202148438, 57.80138397216797, 0.0, 56.00892639160156, 97.09788513183594, 166.97903442382812, 169.35760498046875, 60.95900344848633, 42.04759216308594, 138.85243225097656, 102.85912322998047, 138.22445678710938, 77.42092895507812, 176.2384796142578, 73.10950469970703, 144.5856170654297], [49.72926712036133, 27.166154861450195, 128.7361602783203, 183.17477416992188, 115.52056121826172, 107.51744079589844, 56.00892639160156, 0.0, 81.09870910644531, 158.0791015625, 173.92239379882812, 106.0235824584961, 26.172504425048828, 184.0679168701172, 154.6900177001953, 177.60911560058594, 44.55333709716797, 175.25125122070312, 129.03488159179688, 179.7442626953125], [34.20526123046875, 89.53770446777344, 54.037025451660156, 108.45275115966797, 41.03656768798828, 108.6876220703125, 97.09788513183594, 81.09870910644531, 0.0, 77.0064926147461, 96.17691802978516, 98.79270935058594, 100.9752426147461, 156.3201904296875, 148.4318084716797, 139.63523864746094, 38.60051727294922, 95.07891082763672, 147.33973693847656, 134.40609741210938], [110.29052734375, 164.14932250976562, 48.10405349731445, 59.66573715209961, 54.20331954956055, 157.43252563476562, 166.97903442382812, 158.0791015625, 77.0064926147461, 0.0, 41.231056213378906, 145.086181640625, 177.4767608642578, 168.8608856201172, 182.258056640625, 144.89996337890625, 114.62983703613281, 27.459060668945312, 198.49685668945312, 132.0037841796875], [124.19339752197266, 185.5397491455078, 45.54119110107422, 18.439088821411133, 58.46366500854492, 145.61936950683594, 169.35760498046875, 173.92239379882812, 96.17691802978516, 41.231056213378906, 0.0, 133.154052734375, 188.93914794921875, 138.39797973632812, 160.4306640625, 113.20777130126953, 134.46188354492188, 17.72004508972168, 185.1512908935547, 98.41239929199219], [83.05419921875, 132.03408813476562, 97.20082092285156, 131.21737670898438, 91.93476104736328, 12.529964447021484, 60.95900344848633, 106.0235824584961, 98.79270935058594, 145.086181640625, 133.154052734375, 0.0, 100.89598846435547, 78.81623840332031, 52.0, 77.42092895507812, 103.00485229492188, 144.9413604736328, 53.413482666015625, 85.0], [67.18630981445312, 47.75981521606445, 143.4015350341797, 196.22946166992188, 130.75167846679688, 99.32270812988281, 42.04759216308594, 26.172504425048828, 100.9752426147461, 177.4767608642578, 188.93914794921875, 100.89598846435547, 0.0, 179.621826171875, 144.89996337890625, 176.79931640625, 67.779052734375, 192.26023864746094, 113.1591796875, 181.32015991210938], [153.16004943847656, 209.29644775390625, 126.12692260742188, 126.37246704101562, 129.55308532714844, 81.32035064697266, 138.85243225097656, 184.0679168701172, 156.3201904296875, 168.8608856201172, 138.39797973632812, 78.81623840332031, 179.621826171875, 0.0, 47.53945541381836, 25.495098114013672, 173.4877471923828, 155.39627075195312, 93.30059051513672, 41.773197174072266], [135.0333251953125, 181.4635009765625, 134.8480682373047, 152.82015991210938, 133.46160888671875, 47.29693603515625, 102.85912322998047, 154.6900177001953, 148.4318084716797, 182.258056640625, 160.4306640625, 52.0, 144.89996337890625, 47.53945541381836, 0.0, 63.3876953125, 155.0032196044922, 175.45370483398438, 46.097721099853516, 78.64476776123047], [141.36477661132812, 201.35789489746094, 104.08650207519531, 100.89598846435547, 109.04127502441406, 83.6480712890625, 138.22445678710938, 177.60911560058594, 139.63523864746094, 144.89996337890625, 113.20777130126953, 77.42092895507812, 176.79931640625, 25.495098114013672, 63.3876953125, 0.0, 161.24514770507812, 130.3610382080078, 105.68348693847656, 16.6433162689209], [20.39607810974121, 51.078372955322266, 90.91754150390625, 145.89036560058594, 77.5241928100586, 109.45775604248047, 77.42092895507812, 44.55333709716797, 38.60051727294922, 114.62983703613281, 134.46188354492188, 103.00485229492188, 67.779052734375, 173.4877471923828, 155.0032196044922, 161.24514770507812, 0.0, 133.66375732421875, 142.04576110839844, 159.38946533203125], [125.89678192138672, 184.3936004638672, 50.990196228027344, 35.0142822265625, 62.12889862060547, 157.4706268310547, 176.2384796142578, 175.25125122070312, 95.07891082763672, 27.459060668945312, 17.72004508972168, 144.9413604736328, 192.26023864746094, 155.39627075195312, 175.45370483398438, 130.3610382080078, 133.66375732421875, 0.0, 197.73973083496094, 115.83177185058594], [124.42266845703125, 156.11534118652344, 150.6021270751953, 181.430419921875, 145.16542053222656, 41.1096076965332, 73.10950469970703, 129.03488159179688, 147.33973693847656, 198.49685668945312, 185.1512908935547, 53.413482666015625, 113.1591796875, 93.30059051513672, 46.097721099853516, 105.68348693847656, 142.04576110839844, 197.73973083496094, 0.0, 119.03781127929688], [140.132080078125, 202.2523193359375, 94.00531768798828, 85.21150207519531, 100.60317993164062, 92.97311401367188, 144.5856170654297, 179.7442626953125, 134.40609741210938, 132.0037841796875, 98.41239929199219, 85.0, 181.32015991210938, 41.773197174072266, 78.64476776123047, 16.6433162689209, 159.38946533203125, 115.83177185058594, 119.03781127929688, 0.0]], "coordinates": [[29, -48], [80, -88], [-46, -23], [-95, 2], [-34, -29], [43, 41], [78, -5], [77, -61], [-4, -57], [-81, -56], [-91, -16], [32, 35], [96, -43], [-14, 99], [32, 87], [-31, 80], [33, -68], [-96, -33], [74, 68], [-45, 71]], "demands": [14.0, 17.0, 17.0, 16.0, 16.0, 11.0, 13.0, 13.0, 20.0, 14.0, -14.0, -17.0, -17.0, -16.0, -16.0, -11.0, -13.0, -13.0, -20.0, -14.0], "capacity": 50, "Vmax": 14}