{"name": "LZB_n10_6", "n": 10, "m": 3, "times": [[0.0, 69.83551788330078, 135.2479248046875, 35.34119415283203, 116.6190414428711, 177.65415954589844, 50.80354309082031, 32.893768310546875, 192.52012634277344, 104.65657806396484, 93.38094329833984, 161.8177947998047, 24.59674835205078, 148.1654510498047, 64.76110076904297, 165.680419921875, 140.45640563964844, 87.20664978027344, 158.49606323242188, 65.76473236083984], [69.83551788330078, 0.0, 66.0984115600586, 80.44873809814453, 166.8202667236328, 175.2312774658203, 27.312999725341797, 82.00609588623047, 182.9125518798828, 88.0227279663086, 133.79461669921875, 166.39710998535156, 91.21403503417969, 96.17691802978516, 49.04079818725586, 114.9652099609375, 108.46658325195312, 47.70744323730469, 129.07362365722656, 65.0691909790039], [135.2479248046875, 66.0984115600586, 0.0, 138.8416290283203, 217.7062225341797, 185.04324340820312, 86.60831451416016, 141.400146484375, 184.8783416748047, 106.60675048828125, 181.6039581298828, 183.70901489257812, 154.9225616455078, 65.55150604248047, 92.09777069091797, 80.26206970214844, 102.31324768066406, 70.49113464355469, 119.85408020019531, 107.61505126953125], [35.34119415283203, 80.44873809814453, 138.8416290283203, 0.0, 88.23265075683594, 144.31216430664062, 53.90732955932617, 4.123105525970459, 160.4150848388672, 79.62411499023438, 60.008331298828125, 127.56175231933594, 27.85677719116211, 135.3292236328125, 50.9215087890625, 150.96026611328125, 118.08895111083984, 76.5506362915039, 133.8805389404297, 43.011627197265625], [116.6190414428711, 166.8202667236328, 217.7062225341797, 88.23265075683594, 0.0, 132.8495330810547, 139.53135681152344, 88.05680084228516, 154.6350555419922, 125.09596252441406, 36.878177642822266, 111.64676666259766, 94.00531768798828, 193.60009765625, 125.80142974853516, 203.7891082763672, 159.24822998046875, 147.9898681640625, 165.38742065429688, 110.11357879638672], [177.65415954589844, 175.2312774658203, 185.04324340820312, 144.31216430664062, 132.8495330810547, 0.0, 156.52476501464844, 147.92227172851562, 22.022714614868164, 87.28115844726562, 111.07205200195312, 21.21320343017578, 170.41712951660156, 127.12198638916016, 129.24781799316406, 124.42266845703125, 83.86298370361328, 129.2826385498047, 71.51223754882812, 117.66053009033203], [50.80354309082031, 27.312999725341797, 86.60831451416016, 53.90732955932617, 139.53135681152344, 156.52476501464844, 0.0, 55.865909576416016, 166.68833923339844, 71.40028381347656, 106.56922912597656, 145.4991455078125, 68.42514038085938, 99.29753112792969, 27.294687271118164, 117.4776611328125, 99.86490631103516, 39.924930572509766, 119.80818176269531, 40.79215621948242], [32.893768310546875, 82.00609588623047, 141.400146484375, 4.123105525970459, 88.05680084228516, 147.92227172851562, 55.865909576416016, 0.0, 164.2010955810547, 83.74365997314453, 61.20457458496094, 130.96946716308594, 23.76972770690918, 139.0863037109375, 54.4058837890625, 154.8289337158203, 122.1883773803711, 80.0062484741211, 138.0036163330078, 47.0], [192.52012634277344, 182.9125518798828, 184.8783416748047, 160.4150848388672, 154.6350555419922, 22.022714614868164, 166.68833923339844, 164.2010955810547, 0.0, 95.52486419677734, 131.60546875, 43.046485900878906, 187.27786254882812, 123.14625549316406, 139.52061462402344, 117.27745056152344, 82.60750579833984, 135.65028381347656, 66.06814575195312, 129.83450317382812], [104.65657806396484, 88.0227279663086, 106.60675048828125, 79.62411499023438, 125.09596252441406, 87.28115844726562, 71.40028381347656, 83.74365997314453, 95.52486419677734, 0.0, 88.6848373413086, 80.22468566894531, 107.20074462890625, 68.60028839111328, 44.59820556640625, 79.2022705078125, 39.0, 42.42640686035156, 54.4058837890625, 38.910152435302734], [93.38094329833984, 133.79461669921875, 181.6039581298828, 60.008331298828125, 36.878177642822266, 111.07205200195312, 106.56922912597656, 61.20457458496094, 131.60546875, 88.6848373413086, 0.0, 90.47099304199219, 75.02666473388672, 157.0, 90.21086120605469, 167.72000122070312, 124.06449890136719, 111.52130126953125, 132.0037841796875, 74.06078338623047], [161.8177947998047, 166.39710998535156, 183.70901489257812, 127.56175231933594, 111.64676666259766, 21.21320343017578, 145.4991455078125, 130.96946716308594, 43.046485900878906, 80.22468566894531, 90.47099304199219, 0.0, 152.76124572753906, 130.54501342773438, 118.59595489501953, 130.86251831054688, 86.53900909423828, 122.5887451171875, 78.81623840332031, 105.30906677246094], [24.59674835205078, 91.21403503417969, 154.9225616455078, 27.85677719116211, 94.00531768798828, 170.41712951660156, 68.42514038085938, 23.76972770690918, 187.27786254882812, 107.20074462890625, 75.02666473388672, 152.76124572753906, 0.0, 159.7059783935547, 74.3303451538086, 176.13914489746094, 145.34442138671875, 99.29753112792969, 161.55494689941406, 69.58448028564453], [148.1654510498047, 96.17691802978516, 65.55150604248047, 135.3292236328125, 193.60009765625, 127.12198638916016, 99.29753112792969, 139.0863037109375, 123.14625549316406, 68.60028839111328, 157.0, 130.54501342773438, 159.7059783935547, 0.0, 85.37564086914062, 18.788293838500977, 44.0113639831543, 61.00819778442383, 57.07889175415039, 93.14505004882812], [64.76110076904297, 49.04079818725586, 92.09777069091797, 50.9215087890625, 125.80142974853516, 129.24781799316406, 27.294687271118164, 54.4058837890625, 139.52061462402344, 44.59820556640625, 90.21086120605469, 118.59595489501953, 74.3303451538086, 85.37564086914062, 0.0, 102.0, 76.48529052734375, 25.63201141357422, 95.52486419677734, 16.76305389404297], [165.680419921875, 114.9652099609375, 80.26206970214844, 150.96026611328125, 203.7891082763672, 124.42266845703125, 117.4776611328125, 154.8289337158203, 117.27745056152344, 79.2022705078125, 167.72000122070312, 130.86251831054688, 176.13914489746094, 18.788293838500977, 102.0, 0.0, 46.66904830932617, 78.51751708984375, 52.92447280883789, 108.18965148925781], [140.45640563964844, 108.46658325195312, 102.31324768066406, 118.08895111083984, 159.24822998046875, 83.86298370361328, 99.86490631103516, 122.1883773803711, 82.60750579833984, 39.0, 124.06449890136719, 86.53900909423828, 145.34442138671875, 44.0113639831543, 76.48529052734375, 46.66904830932617, 0.0, 61.55485534667969, 20.615528106689453, 75.92759704589844], [87.20664978027344, 47.70744323730469, 70.49113464355469, 76.5506362915039, 147.9898681640625, 129.2826385498047, 39.924930572509766, 80.0062484741211, 135.65028381347656, 42.42640686035156, 111.52130126953125, 122.5887451171875, 99.29753112792969, 61.00819778442383, 25.63201141357422, 78.51751708984375, 61.55485534667969, 0.0, 82.02438354492188, 38.28837966918945], [158.49606323242188, 129.07362365722656, 119.85408020019531, 133.8805389404297, 165.38742065429688, 71.51223754882812, 119.80818176269531, 138.0036163330078, 66.06814575195312, 54.4058837890625, 132.0037841796875, 78.81623840332031, 161.55494689941406, 57.07889175415039, 95.52486419677734, 52.92447280883789, 20.615528106689453, 82.02438354492188, 0.0, 93.04837799072266], [65.76473236083984, 65.0691909790039, 107.61505126953125, 43.011627197265625, 110.11357879638672, 117.66053009033203, 40.79215621948242, 47.0, 129.83450317382812, 38.910152435302734, 74.06078338623047, 105.30906677246094, 69.58448028564453, 93.14505004882812, 16.76305389404297, 108.18965148925781, 75.92759704589844, 38.28837966918945, 93.04837799072266, 0.0]], "coordinates": [[35, -81], [69, -20], [89, 43], [3, -66], [-81, -93], [-96, 39], [44, -31], [4, -70], [-95, 61], [-13, 12], [-57, -65], [-93, 18], [13, -92], [28, 67], [20, -18], [20, 84], [-13, 51], [29, 6], [-29, 64], [4, -23]], "demands": [14.0, 19.0, 19.0, 9.0, 15.0, 12.0, 8.0, 3.0, 4.0, 1.0, -14.0, -19.0, -19.0, -9.0, -15.0, -12.0, -8.0, -3.0, -4.0, -1.0], "capacity": 50, "Vmax": 14}